Kata,TF-IDF
05,6.354315779720522e-05
0800,3.681017133512191e-05
10,0.0006849665065253549
100,0.000590025655522047
100cm,0.000171987710093643
100k,0.00014397402231338224
100rb,0.0003579173851293367
100rban,5.6834792801409725e-05
101,7.887954059622141e-05
104cm,0.00010118330872947399
10k,8.118949692075617e-05
10ribuan,0.0002889102853560727
11,0.000216145263906238
110,7.97295623667052e-05
115cm,7.97295623667052e-05
116,7.887954059622141e-05
12,0.0005591719342941252
1200,9.571445523138515e-05
129rb,9.776616865070557e-05
12rb,9.990007395636117e-05
13,0.00024791642158710544
130k,0.00020966303233673896
14,4.111795633197823e-05
15,0.0003147290235249535
150,0.00027023311096633425
150k,9.229776093231826e-05
150rb,6.234355357172993e-05
1530,9.571445523138515e-05
15rban,0.00010614585714196042
16,6.354315779720522e-05
160,0.014065761150043555
160an,0.0001621948494386135
160rb,0.00011710013532443367
160rbu,8.717130971079283e-05
161,0.00012816570028435575
161cm,7.122970503940978e-05
163,0.00021938405236081868
165,0.0002575766719287737
168,0.00021473487068634204
168cm,8.500078899960146e-05
169cm,0.000320620423217224
16s,0.0002890922088764873
17,4.923173721356021e-05
170,0.012452660720131126
170anbahan,0.00010651755577324566
170cm,7.8751278690227e-05
170rb,6.776434517085985e-05
171,0.006179431023838313
171175,0.0001299522720223947
172,8.316169512165559e-05
172bb,9.23162394810112e-05
172cm,0.0001906753828181979
173,0.00011645451542031306
174,0.00047231372573756393
175,0.00012059611740492826
175cm,0.00025494077420410615
176,0.00033114123966261426
177,9.586350835297545e-05
177cm,5.322838650893817e-05
178,9.988935146244753e-05
179,0.00015386159385338068
17an,0.00011274253138406869
18,0.00012659448150774763
180,0.0072642983140944915
19,0.00017548515131762793
1900,3.681017133512191e-05
190an,7.758491263373113e-05
190rb,7.25465979934286e-05
190rban,7.671751501077935e-05
1cm,0.00014246693125913098
1x,3.681017133512191e-05
20,0.00021579107044768388
200,0.00015589723005921826
200an,7.591718967270285e-05
200rb,0.0001582075872106866
2023,5.9731396815902316e-05
20rb,6.684235444375007e-05
20ribu,5.211988725607582e-05
20s,0.00040401562505654605
21,0.000279054593978462
22,3.4560766925239184e-05
220,6.952428358939842e-05
23,0.00041279901125848995
24,0.00028866026431672225
24s,0.00034820718314659637
25,0.00010241272263589618
250k,0.0001397753548911593
26,0.0001295839102585226
260250,0.00010546947658956184
26rb,4.3188058265559716e-05
27,3.4560766925239184e-05
2729,0.00013132715939468914
28,0.0003555802430035542
280,7.972416148670378e-05
29,0.0006225380083259365
290000set,6.202017328088432e-05
2930,7.912886947965942e-05
2cm,9.153071812758443e-05
2pcs,0.00012949180632404
2xl,0.00033888416554552923
30,0.0007398463895091864
300rban,6.309339931356844e-05
30an,6.987980289200817e-05
30rban,0.00023481289368999325
30ribuan,0.0001542837579989453
30s,0.0005621531479691542
31,0.0010506594830861757
31nya,0.00010128826842221886
32,0.0016841583306736504
33,0.0011097340961706283
33nya,5.124127600631081e-05
34,0.0016702755401362794
3435,0.00028821660240648233
35,0.0004114046897302482
35rb,9.990007395636117e-05
36,0.0012835018083631334
3600,0.00019820715427084766
3638,9.124723915705531e-05
37,0.0005440558550407487
37nya,5.059187819056393e-05
38,0.000969059025939925
39,0.00015541589260146025
3cm,9.43025554757465e-05
3x,0.0004199356498219959
3xl,7.396778915976761e-05
40,0.00021752640005281044
40an,6.964797147311142e-05
40rb,4.418895394971626e-05
41,0.00024930492837610494
42,0.00032203227664530967
43,0.0004262355981991903
430rb,6.684235444375007e-05
44,0.000690384000103921
45,4.1493347773052154e-05
450rb,6.684235444375007e-05
451rb,6.684235444375007e-05
46,7.903945934696663e-05
46cm,0.00011652150777954224
47,6.334346879493002e-05
4pcs,0.0001141123290402817
4x,0.00014402600967477802
50,0.000792947738292931
5080,3.163199482960532e-05
50cotton,3.771426564476829e-05
50k,8.712343194010228e-05
50rb,0.00024227203634041166
50rban,5.8294657850166405e-05
52,0.0002368126392229819
525,8.124312005840452e-05
53cm,7.396778915976761e-05
54,0.00024547032061029403
54cm,0.0001111868111151841
55,0.00034326248520870573
55tinggi,0.00010651755577324566
56,6.616114293337838e-05
57pcs,3.288714848047633e-05
58,0.0001206676120226561
5859,0.0001206676120226561
59,7.903945934696663e-05
60,0.008164765690382698
610,0.0001518343793454057
64kg,0.0001299522720223947
65,0.00026215577460525654
65kg,0.0002465338824470133
66,0.0001325180828569679
67,0.00016578945655986991
67cm,4.7551106008541144e-05
69,0.0003331589665277897
69kg,8.672603120715778e-05
70,0.006111007545680744
7080,0.00016068526372417857
70an,0.0001067743533601148
70rban,0.00028691587093196777
71,0.003888962284550668
71kg,0.0001133754676203794
72,0.00032045219296905164
7200,0.0005247439495727315
72180,0.00010344712017168391
72kg,7.8751278690227e-05
73,9.530666212360921e-05
74,0.0001030516077157526
7400,0.00016176573479124225
74kg,5.322838650893817e-05
75,0.00022898915266114964
75kg,0.00017152241324326127
78,0.0003413247795960605
78cm,7.935195314769973e-05
78kg,0.0002990421245791704
79,0.00012300706123790148
7cm,6.912153385047837e-05
80,0.007559569484266845
80kg,0.00025494077420410615
80rb,0.00011673926826858861
80rban,6.822993272309804e-05
810,0.00019155492940058265
83178,8.855118439761011e-05
85,0.00016565673846112493
85kg,0.00013446909923420217
88000set,6.202017328088432e-05
89k,0.00015414260160554318
91,7.930668458270609e-05
910,9.500090532093639e-05
92,9.586350835297545e-05
94,0.00013215168463335815
96,7.230106444983356e-05
97,9.995640273734627e-05
99rb,5.7152500483903335e-05
aa,0.0003154402938014173
aaaaaa,0.0001224154656526586
aarrghhh,0.00012145377685814875
abal,0.00020810682956378613
abal2,0.00010457509777309982
abang,0.00031000560443146584
abangan,0.00015112491489542273
abangkuh,7.733796395808018e-05
abu,0.0010811331163611477
abu2,0.0005435250722543493
abuabu,0.0002540841025916601
abuabua,0.00012687858013103566
abuabuini,0.00012014110514067981
acara,0.0008405271870364667
acc,0.00012833438502562165
actually,0.00017436278977750328
ada,0.0037384089633907326
adalah,4.9904048575723923e-05
add,3.9185110113794444e-05
adem,0.009521706191116813
adempas,0.00013035802018587328
ademudah,0.00010821436278492285
adik,0.00015353120008324654
adjustment,0.00011802250234172475
admin,0.002048351224391988
adminnya,0.0005770913646720469
aduh,0.0005165183705758096
advise,9.154276419276258e-05
affordable,8.006942385865394e-05
after,4.684331293275939e-05
agak,0.0016120020652217423
agar,0.00010034815674443206
ah,0.00014441253560055792
ahli,0.00010399008949317914
aja,8.673689270733087e-05
ajabiasa,0.00013708164456099222
ajak,0.00021314396218182852
ajar,6.952428358939842e-05
ajeg,6.988767744557964e-05
ajib,0.0001557001732438578
ajjjjj,0.00017405526961296244
aju,0.00017340261516494602
akal,0.00013875810844176439
akan,0.00020727144843797192
akh,0.00014977755269262734
akhir,0.0013771717003209188
aksen,9.740837398979584e-05
aktif,6.668728555365785e-05
aktifitas,0.0005094860403889703
aktivitas,0.0007815947858632737
aku,0.0008286673025965775
akurat,0.00044613809469250016
al,8.815408014345043e-05
ala,0.0001628352852908022
alakadar,0.00010044790169929354
alakadarnya,0.00011881208878374433
alam,0.0002139499672726902
alamat,4.442020167024333e-05
alami,0.00020654719679761337
alas,0.00022531039286272428
alhamdullilah,0.0001429239971897381
alhasil,0.00014357685283079578
alias,0.00029887607626330964
all,0.0009350684650928008
allahumma,0.00036887537285241464
am,5.6136930819873e-05
amal,6.684235444375007e-05
aman,0.0026821053888403884
aman2,9.053502193049071e-05
amanah,0.0002612985242217735
amat,0.0001075608102978345
ambeyen,0.00017449489272022243
ambil,0.0008420273035558712
ambruadul,0.00015166080811789156
amburadul,0.0003733556429263945
amount,5.6136930819873e-05
ampas,0.00025178261606766377
ampe,5.059187819056393e-05
ampun,0.00016381160047673573
amsiong,5.4609938096039615e-05
an,0.0004313138431930201
anak,0.0011740952267063687
anak2,8.481905628255106e-05
anakanak,0.00011129922411997761
ancur2an,6.083561569354487e-05
anda,9.99037915739864e-05
andai,0.00012014110514067981
andal,0.0003200843550473401
aneh,0.0006886794806871582
anehh,5.211988725607582e-05
anget,0.00021026813725493203
anggap,0.00011331096089027232
angin,0.0002138331394961928
angka,0.00022226827800476406
angkat,9.067714298494326e-05
angkle,8.870117654253797e-05
anjay,0.00020235049289872253
anjayyyy,7.733796395808018e-05
ankle,0.00032629855051483645
anklesirwal,7.044367293302829e-05
another,6.652440764048749e-05
antar,0.0006210782593526529
anyway,4.7548174136115825e-05
apa,0.003039534187157762
apa2,0.00010868560413409597
apaa,0.00012106460100621068
apaaa,0.00012106460100621068
apaapa,0.0004587355414968761
apabila,8.485760112373303e-05
apalg,5.364960109967839e-05
apek,7.914423840300502e-05
apes,8.922362005255799e-05
apik,0.00012762744730756992
aplikasi,8.715168615456056e-05
apparel,9.192804438877524e-05
approach,0.00013100052363279865
apr,4.923173721356021e-05
april,9.485041532971627e-05
aq,4.7548174136115825e-05
arah,0.00015280234239984186
area,0.0004945567459336043
army,0.0003602082112641385
arti,0.00033165206699084965
artikel,0.00012106460100621068
as,0.0002569616881500119
asa,0.0014664375360152408
asal,0.0008075863115261883
asal2an,0.00015006934054466204
asaln,0.00011959952635119247
asem,0.00018270059344276056
asli,0.002580760126213744
aspek,5.364960109967839e-05
astagaaaa,6.86674613386229e-05
astaghfirullah,0.00014040820739873744
asyik,0.00016853173202519648
at,6.918820394975645e-05
atas,0.0018806693124691022
atau,0.00023745445060413043
ato,4.684331293275939e-05
atur,9.912786788064611e-05
autentik,5.128679096571293e-05
auto,0.00028703830431386896
available,0.00010558624662600362
awal,0.0005804363705941738
awet,0.003105184247378258
ayo,0.00025523942331033024
b3,0.00014782431302206138
baca,0.00030349690442144333
back,4.2650621273655046e-05
background,7.053900278837013e-05
bad,0.0020465975212652855
badan,0.03220659944908681
bag,0.00017518449925640824
bagaimana,0.0011217220328382468
bagain,0.0001350020397545031
bagi,0.00646710363329576
bagus,0.059937952929253344
bagus2,0.00034991982464221044
bagusga,0.00013708164456099222
bagusin,0.00010251946206519866
bagusringantebal,0.0002116165190832201
bagustebal,0.00015515390217456912
bahan,0.048872178998706495
bahannyapackaging,0.00013708164456099222
bahansablon,0.000223484447674758
bahanya,0.0018963359579877285
bahas,0.00016846548942140148
bahkan,0.0003018219586739212
bahu,4.419798354431941e-05
bahwa,0.00011299722993406395
baik,0.010349429726366976
baiksesuai,0.0001502084592629254
baja,0.0002321445401990133
baju,0.0075573662856206975
baju2,8.397144121308385e-05
bakal,0.001608144423903239
bakar,0.00012138099158008893
baku,7.757788743186686e-05
balas,0.0003227770272495003
bales,0.00015442363984613115
balik,0.000729936138088529
balikin,0.00010665490056364706
ban,0.00010728484258503839
banding,0.0025531054978136084
bandung,0.00030436743791518897
bang,0.00022579846893636991
banget,0.02008683117130491
bangetbahan,0.00011373615919033832
bangetniat,0.00013708164456099222
bangettt,0.00016398497711024728
bangetttt,0.00021410973652578297
bangladesh,0.0004741317054334344
bangus,0.00011265977020092721
bantal,0.00012448142288085405
bantu,0.0006430474772921507
banyak,0.004839248270350848
banyakin,0.0001666543443765903
bar,4.808356010209602e-05
barang,0.036790741856146274
barangkali,6.409568223696111e-05
barat,0.00010896538975033861
bareng,3.288714848047633e-05
baret,9.752956228566362e-05
barnag,0.00020001856045368275
baru,0.007308796085430667
basah,3.288714848047633e-05
baseball,0.00013516607517850262
batal,0.000397544620230942
batang,6.528107982885219e-05
batas,0.00022087939539148892
bau,0.0009748553132224834
bauk,0.00014897556150896295
bawa,0.0003134998456690712
bawah,0.0024010992975122647
bayang,0.00024075958903039453
bayar,0.0005588194984099764
bb,0.0024055807905605095
bb75,8.316169512165559e-05
bbrpa,0.0001821136940837953
bbtb,0.00018295390308769167
be,5.3699417796699745e-05
bebberapaa,0.00013836500499574448
beberapa,0.0018748915703061786
beda,0.010761052305838832
beda2,0.0010825633333504648
bedanavy,3.771426564476829e-05
begini,0.000613779387675884
begitu,0.00010515505250100556
bekas,0.0010510668382709236
bel,9.186887336605982e-05
belah,0.001033753231427849
belakang,0.001556989750914729
belanja,0.0022443944196877124
belel,0.0001417828465177352
beli,0.0141859426633857
belt,0.00022855127299140041
beltnya,0.00013867023828615188
belum,0.0035504046146809607
benah,0.0003130222859792358
benang,0.003348834661404574
benang2,0.0008278246599179074
benangnyareview,7.434200046356316e-05
benar,0.0026216823155180953
benarkecewa,0.00018511714670117627
benarkualitas,9.088774753925334e-05
benda,9.138705813099925e-05
bener2,0.00043497413710050486
benerbener,0.00011592659888902293
bengkok,5.6834792801409725e-05
bening,3.75758702689165e-05
bentuk,0.0015338682027065038
berani,6.92166846844565e-05
beranta,0.0008194191048591315
berapa,0.0005695753494677122
beras,7.459672651011437e-05
berat,0.013915514345433564
bercak,0.00024073376815677208
bercak2,5.7928670213090414e-05
beri,0.00034958674801454856
berkah,0.0004761927342891115
berkali2,0.00022509334691641356
bersih,0.0003438844187758218
bertaggung,0.00012809612656975973
bertaggungjawab,0.0001396996200168913
bertele2,0.00010820110908366639
beruang,4.182097591741339e-05
berudul,8.25220247616485e-05
berudulan,0.0001056498391460953
besar,0.009877934528553442
besarbahan,0.0001422116339893739
besarlihat,7.23565664120871e-05
besarrr,0.000103821825917722
besi,0.00037153998957479336
besok,0.00046877819470944636
best,0.0008895517702525642
betis,0.00021799341190847487
betkenan,3.9185110113794444e-05
better,0.0004586503604007421
betul,0.0006142302560150824
betulll,0.00014437296804144383
beud,6.666103437086866e-05
beuuh,8.458295021391639e-05
bewarna,8.105010034277064e-05
bg,5.4609938096039615e-05
bgett,8.481905628255106e-05
bgni,6.251751175723686e-05
bgtt,0.00011332682381210938
biar,0.001350581037612905
biarpun,6.972565439270661e-05
biasa,0.00915992046478134
biasa2,0.00025282378000195186
biaya,0.0002390071689912629
bicara,0.00019688317671853783
bijak,0.00016005951232097034
biji,0.00040716396206235924
bila,0.0002338863680055086
bilang,0.0005528673967046904
bin,6.528107982885219e-05
binggung,8.285676690908473e-05
bingung,0.000319464455166996
bintang,0.002361313892285955
biru,0.002344842318254563
bisa,0.0010349181386389622
bisa2,7.573883916944534e-05
bisapelayanan,0.0001438970538929733
bisnis,6.595270921533394e-05
bitang,6.377247432516882e-05
biyaya,7.365410497615241e-05
bkin,8.503067033029618e-05
black,0.0005253228832588906
blacklist,6.822993272309804e-05
blazer,8.828143445472238e-05
blue,0.00028914049519188843
bngt,0.00021657082843234087
bnyak,0.0001285660322332007
bobok,9.903723707677157e-05
bobrok,0.0002983498502692857
bodoh,6.669670605599271e-05
body,0.0005617696444760367
bodynya,0.000114940605802964
bohong,0.00037150870151035045
boi,4.182097591741339e-05
bokap,0.00012033633059907082
bokong,0.0003650101027473655
bola,0.00036665752176775145
bolak,0.0003318229721366634
bolehlaah,0.00048607256000381805
bolong,0.000891392385507696
bolong2,5.4609938096039615e-05
bolongdan,0.00013293084456394142
bolongin,0.00012280547616651307
bomber,0.0001418456924012609
bonus,0.0018302169905392758
boong,7.733796395808018e-05
boongin,4.837821706920779e-05
bordir,6.377247432516882e-05
boro2,4.5512960807837257e-05
bos,0.0003189415531754339
bosan,0.000126411200066327
bosque,0.00013426980307269044
boss,0.00022295961962983646
bosskuh,0.0001355387918346189
bot,0.0001962642145477704
bought,4.2650621273655046e-05
bow,8.828143445472238e-05
box,0.0005602375699059445
boxnya,0.0001710937396289643
brand,0.0016486211990178366
branded,8.870117654253797e-05
branding,0.00026599973196024605
brandnya,8.796705164062311e-05
brang,6.788874705922064e-05
bray,8.870117654253797e-05
breakernya,0.00010766084708872619
bridge,8.007177795812168e-05
brimnya,9.789211239673616e-05
brng,0.00020791320681963252
bros,0.00012551534201007435
bross,9.691187286370236e-05
brudul,0.00035491402929939815
brudulan,0.0001912325541710393
buang,0.0005226903426498
buang2,0.00017229897166164097
buat,0.006601236547296303
bubble,5.807729387380708e-05
buckel,9.19389582400249e-05
bucket,0.00010995372572526711
buckle,0.0001700319913990119
bugundyada,0.00011662580625357581
build,0.00035943759940064657
buka,0.000881941135219024
bukan,0.0033262459399887663
bukti,5.854523558122251e-05
buku,9.559615952294829e-05
bulan,0.001549357036424196
bulat,0.00014173262848689568
bulatkalau,7.509166530773172e-05
bulet,6.643432714248297e-05
bulu,0.0009789078199940462
bulu2,9.776616865070557e-05
buluk,0.00019445356588404067
buncit,6.413627891265772e-05
bungkus,0.0004595877844250897
buntu,0.00015833067236978662
buru,0.00022837714616938916
buru2,9.186887336605982e-05
buruburu,0.0001699477319382115
buruk,0.0020098496258788372
burukk,6.463516967712982e-05
burukkk,0.00031517629363564343
busana,0.00010408172287049198
busuk,5.211988725607582e-05
but,0.00028336295900170634
buta,0.00012591501719386088
butek,0.0002843378888312552
butuh,0.0011148172624677786
butut,0.00013653263996447334
buy,0.00037245676648760154
buyer,5.128679096571293e-05
buying,6.918820394975645e-05
bwt,6.788874705922064e-05
by,9.501563679485866e-05
cabang,9.192804438877524e-05
cabut,8.866358486731089e-05
cacat,0.002455764955862946
cahaya,0.00010089519871082454
cakeeppp,0.0002484472049689441
cakep,0.0023151762531318115
cakeup,0.00011914375192686834
calon,0.0001191171257813445
calon2,3.633191883018576e-05
can,0.000264803229099892
cancel,0.000577022646359593
cantel,0.00017533879195606521
cantol,0.00017218873521911742
cantum,0.00020376632195552642
canvas,0.0001636509429997683
cap,0.00011799284536805333
capeeekkk,4.7373543493466834e-05
capek,0.0003288766684380011
capit,0.00013014165898657485
caption,0.0001351361217973918
cara,0.00012917638009012016
cardigan,0.00017802157483462152
cargo,0.0001251743563317345
cari,0.0005660352515669899
caring,0.00013555840647806714
carvil,8.176893736739919e-05
cashback,5.8294657850166405e-05
cashbacknya,0.0002353634398819201
casual,8.763748416846674e-05
cat,0.0005722779279041108
catat,0.0001493959802311799
cek,0.001018137554856289
cekout,9.180604950954671e-05
celan,0.00010505044310894394
celana,0.012147146860708502
celanabtw,5.096875613494738e-05
celanannya,8.43777001829103e-05
celananyaa,0.00012145377685814875
celanaya,0.0001737077665662152
cenderung,0.0007937279311088594
cendrung,0.00011010348693721531
centerperlu,0.0002403702600526109
cepat,0.015272770677151841
cepatbahan,0.0001320700926693044
cepatrabu,7.434200046356316e-05
cepek,4.7373543493466834e-05
cerah,0.000180940444734783
cermin,0.0002159414850409606
ceroboh,4.1493347773052154e-05
charcoal,0.0002626893460458982
charger,8.177793681143475e-05
chart,0.0016027082174693336
chartf,0.0002216554418597041
chat,0.0013609110398240501
chatt,6.788874705922064e-05
cheapsorry,7.453546888631744e-05
check,0.0003691550045440026
checkout,0.00030829800865351414
chino,0.0007645022159304958
chinonya,8.37626792389797e-05
chinos,0.0003973097789560104
chinosnya,0.00012082841624656371
choose,0.00011593246657027748
cina,0.0002655220073832167
cingkrang,6.509259899209288e-05
citra,5.730151384455799e-05
ciut,0.0005094307836614907
ckckckck,0.0001101892958113013
clearly,5.3699417796699745e-05
clip,7.16772868992384e-05
cmberat,9.437482962370222e-05
co,0.00013679285487669745
coba,0.0011136472987641791
cobain,8.473453796654576e-05
cobakancingnya,7.547235017803613e-05
cocok,0.004493960946597073
cod,5.270601789388752e-05
coffe,5.937825218061624e-05
cokelat,0.0001892747198059489
coklat,0.0012045953039272965
colarless,0.00015671992490299365
collar,4.808356010209602e-05
color,4.2650621273655046e-05
combed,0.0003414631554740229
coment,0.00014569226302705635
comfy,9.797640424669326e-05
common,5.3699417796699745e-05
compared,4.2650621273655046e-05
competent,4.2650621273655046e-05
complain,0.00033041168915749357
complaint,4.442020167024333e-05
complements,4.2650621273655046e-05
contoh,0.0002727721974734024
controlnya,0.00025584655463446157
cool,0.0001103387599053554
copot,0.0018052202366865163
copott,0.00016658246188371083
corak,0.0004463808980616432
coretan2,6.312145057746054e-05
costumer,0.00011049433042138031
cotton,0.0008111861420464796
cottonnya,0.0001848923102105251
cottontebal,0.00012703638752508634
cowok,0.0001974936647040025
craftmanship,6.234355357172993e-05
crdinal,9.124723915705531e-05
cream,0.000545333316400192
crem,0.00013815214633095883
crooked,5.6136930819873e-05
csnya,0.00012681252904423539
cttn,0.0001372446696523239
cuci,0.0031848266192286453
cucirikes,6.409568223696111e-05
cucok,7.755670079131868e-05
cuekin,0.0001253207873167934
cuff,0.0006420139524431976
cufflink,0.00013477359815219475
cufflinknya,5.2323222897104725e-05
cufflinks,0.00012869184719544702
cuil,4.418895394971626e-05
cukup,0.005345128943639594
cukupyg,0.00013460958732072894
cuma,0.0206426921840788
curiga,4.182097591741339e-05
custom,5.803154639380965e-05
customer,0.0007067307244372825
cut,0.00024200694891835507
cutbray,7.972416148670378e-05
cutingannya,0.00014282712603205905
cutter,5.951924157404806e-05
cutting,0.0016233397664046241
cuttingan,0.0010832040218682715
cuttingannya,0.0012236269815556911
cuttinganya,0.0001963836013221719
cuttingnya,0.0003286215324222148
cuttingsizingnya,0.00015442138036416645
cuy,7.854956533020918e-05
dada,0.00044205853388065366
dadak,8.261183627668077e-05
daerah,0.00011582314066895768
dagang,0.00013572228961729983
dagu,0.00017218873521911742
daily,0.00011227505568344901
daki,4.419798354431941e-05
dalam,0.0012576758214703301
dalammungkin,0.0001027393926277706
dalem,0.00038518729716769203
dalemanya,0.00011252157030861033
damage,0.0001027471892625486
dan,0.0008260375427230412
dana,0.00045683746236801023
dannnn,0.00013954464314982926
dapat,0.0029299734666934836
dapetnya,0.00023585532990064642
dar,0.00016568083627973567
darat,0.00023402660338322115
dari,0.00039730192041111725
dark,0.00036453973055715697
darker,4.2650621273655046e-05
darurat,0.00023814594424386552
dasar,0.00015387675304245167
dasi,0.0014121729042901993
datang,0.005186769882761768
dateng,0.0020957145867560737
datengnya,0.000442553582585526
daur,9.610801580998462e-05
day,0.0006456948440097268
deal,8.25220247616485e-05
debat,7.207392382245705e-05
deep,0.00010816106445441664
defect,0.00019064902918339112
deh,0.0015194206911757669
dekat,0.00047178454826257314
dekil,9.515242712150144e-05
delivery,8.329532364855493e-05
deliverynya,3.75758702689165e-05
demikian,5.928117018408445e-05
dengan,0.002312162453426879
dengkul,0.00011356867510039474
dengn,0.00015442138036416645
denim,6.284062569808189e-05
depan,0.002671185895591857
departement,8.755070930997577e-05
depok,8.256166954669932e-05
depstore,0.00014523595484988337
dept,9.431323527288045e-05
desain,0.0015116569691087606
desaindan,0.000223484447674758
descipsi,0.00019071224468274694
design,0.0006468929210185661
designnya,0.00015325865744551727
deskripnya,7.97295623667052e-05
deskripsi,0.008858174122007848
deskripsibagus,0.0002236614407665371
deskripsibahan,0.00012234453115513174
deskripsifoto,0.00013577040913408824
deskripsijooos,0.0001505606610117132
deskripsimantul,0.0001530514193860074
detail,0.0006221517811535506
di,0.006782545047845137
diadjust,9.399569684017383e-05
diam,0.0001989414993229774
diamond,6.160480336756533e-05
diawal2,0.00012035088480472182
dibagusin,9.559615952294829e-05
dibandrol,5.096875613494738e-05
dibersihin,8.169606130869152e-05
dibolehin,0.00046231497865611775
dibolongin,0.0006195680163712673
dibonusin,0.000130379825325685
dibuatin,0.0001699477319382115
dicancel,5.349566517272366e-05
dichat,0.00010731043977819314
dicucibahannya,4.935856158732883e-05
dicustom,9.399569684017383e-05
digunain,9.912786788064611e-05
digunting2,6.526931402933273e-05
diimprove,0.00011032570228829485
diingetin,3.75758702689165e-05
dijait,6.822993272309804e-05
dijelasin,9.672952500476301e-05
dikabarin,8.458295021391639e-05
dikibulin,9.135029672138028e-05
dikirim2,8.856072556381025e-05
dikirkm,0.00011389886005229869
dikriim,0.00012106460100621068
dilebihin,7.25255356261437e-05
dilipet,0.0002679495930691334
dilubangin,7.870388989995838e-05
dimana2,0.00023709786928178167
dimintain,4.1493347773052154e-05
dingin,0.0004435397434619354
dingkol,0.00017449489272022243
dinote,0.00010848645259345064
dipacking,0.0001576733683747755
dipackingnya,0.00015519920287307274
dipak,0.00011227505568344901
dipakainyaa,0.00012664085457764153
dipakainyatinggi,0.00014543419201566872
dipakaipadahal,8.523835045623535e-05
dipake2,4.419798354431941e-05
dipakenya,0.00013646412042742429
diperbaikiatasi,6.273991825372087e-05
diphoto,0.00011837689115510978
dipickup,9.07863353389016e-05
dipikirin,4.1493347773052154e-05
dirapihkan,6.478655490454325e-05
direndem,6.528107982885219e-05
direspon,0.0001339976457442406
direview2,0.0001752976722348404
diri,3.549829449872947e-05
disappointed,0.00011834948180887004
disaranin,4.1493347773052154e-05
disimpen,6.643432714248297e-05
diskon,0.0015463877194212448
diskrips,0.00010555129920295058
display,0.0005091623326087746
distrika,8.971229196556854e-05
distro,0.0006099820467294517
ditambal2,7.657907043715321e-05
ditanyain,0.00022447245037013805
ditaro,0.00010137545249158779
ditawarin,0.00010558624662600362
ditengahny,0.00011527399962517083
ditingkatin,0.00015226440825986875
dituker,0.0002209810654999255
diunboxing,7.094783567271726e-05
dkirim,9.034336359329002e-05
dkirm,0.00011966543571072262
dkk,6.964797147311142e-05
dlpengiriman,0.00023854305877914474
dm,5.0725400860640444e-05
dn,9.78189004438008e-05
do,0.00010782995972861331
doank,5.211988725607582e-05
dobel,0.00010594773672108897
dominan,7.053900278837013e-05
dompet,0.000570041897333337
done,0.00034830742160623214
dong,0.0005535552032120402
dont,8.67957364245574e-05
doos,0.00011516165988611337
dosa,8.01339776159906e-05
double,4.357584307728028e-05
dpakai,0.00011221903979542812
dpake,6.251751175723686e-05
drifit,9.634169877931474e-05
drop,3.4560766925239184e-05
dsini,0.00012281423687923962
dtg,0.0003652875308316068
dtng,0.0001533058276738125
dua,0.0022375814455822024
dua2,7.453546888631744e-05
dua2nya,0.00023858058627701889
duhh,3.163199482960532e-05
duit,0.00018062166338958944
dukung,0.0001448538483348939
dulu,0.002080962872347478
duper,0.000306232945884412
durability,8.05156729128246e-05
durasi,6.273991825372087e-05
dus,0.00036603858548832856
dusty,0.00011389886005229869
duterima,0.00017751048444183411
dzalimbiar,7.573883916944534e-05
dzalimi,7.573883916944534e-05
eaaa,0.00017148388565263275
easy,6.354315779720522e-05
ecenem,9.03131292159999e-05
edar,7.250796904350031e-05
edit,0.00041253797348787986
effort,5.2323222897104725e-05
eh,0.0008309218024292266
ehh,0.00022663722860015166
ekapektasi,0.00017528781699782567
ekonomis,0.00024607264238181046
ekpedisi,0.00015566934787569718
ekseptasi,0.00015747116401410943
ekspedisi,0.0006422458679366463
ekspektasi,0.003706467989858179
ekspetasi,0.0011592274376829935
ekspetasinya,0.00015774021359321526
elastis,0.00041659890730252425
elegan,0.0005264751031116523
emas,0.0006053673301277182
embel2,0.00011331096089027232
emblem,8.397144121308385e-05
emng,0.00014465279087841663
empuk,0.00010887212783136807
enak,0.008661023421492844
enakeun,0.0002661310802855417
enakk,0.00014037317414367244
engeh,0.00010076271391046378
enough,0.0001683245631072074
entah,0.0008610747288409775
enteng,0.00018868482841763825
enyoy,0.000283717644051695
equal,6.354315779720522e-05
erti,5.803154639380965e-05
esok,0.00020353660349607777
estimasi,0.0010546038215294394
etalase,0.0006743460339935125
etalasewarnaukuran,4.7425207664858136e-05
etc,3.9185110113794444e-05
etikad,4.0850285282569456e-05
euyy,0.00018462634269230982
evaluasi,4.923173721356021e-05
even,9.494112007385766e-05
expect,0.00013262270523904763
expectasi,0.00034572640442801346
expectation,0.00030765012574664993
expected,0.00021632019577519818
expecting,5.717966085748495e-05
expektasi,0.00013941348651267275
expendable,6.413627891265772e-05
expetasi,0.0003526237561341485
extend,7.839187599394146e-05
fabric,4.2650621273655046e-05
fabrics,5.3699417796699745e-05
fabriknya,5.364960109967839e-05
failed,0.00010794150724830285
fair,3.4560766925239184e-05
far,0.0001606107291551034
fashionable,8.006942385865394e-05
faux,0.00011269641624713673
februari,0.00017636619105697147
fedora,9.067714298494326e-05
feelings,5.124127600631081e-05
feels,9.610801580998462e-05
fell,8.990432976286884e-05
find,0.00011602679191628467
finishing,0.0013087313374017904
finishingnya,0.0002836741873095517
finising,0.0001900353873929573
fit,0.00315227198389074
fitmen,0.00012507093444452018
fitmentnya,0.0003714842169546443
fitting,0.0007225359573807224
fittingnya,0.00036260777464809635
fitur,8.29513214065648e-05
flash,0.00011522849255964672
flowernya,0.00010367566844885024
follow,0.0002639959106810849
foot,6.806320632104513e-05
for,0.0003747666225394738
forest,0.0001982182676759043
formal,0.0006131042386817822
foto,0.008244318245487528
fotodeskripsi,0.00017849869536143857
fotoin,0.00011850924407936132
fotoleher,0.0001344082219645348
fotoooo,6.987633825462328e-05
fotovideo,9.257092250271468e-05
frame,0.0001610635191573196
framenya,0.0001523110349267819
free,0.0002793862292519074
from,0.00014772757098842123
froyemul,0.00010628823530361986
furing,0.0001355286903417197
fyi,4.562661265963397e-05
gabakal,0.00013171165301393534
gada,0.0002592826208652451
gaes,0.00013205483984093176
gagal,0.0007620003770853381
gagang,0.00035893069671507965
gais,0.0001754140091138207
gajelas,9.752956228566362e-05
gakbagus,8.278119207494688e-05
gakkan,0.00010196891465107882
gaknya,5.0725400860640444e-05
galat,0.00025821205370032307
gamasuk,8.983398758152328e-05
gambar,0.009797424286496019
gambarkecewa,0.0002275227204393957
gampang,0.0020009715174355647
ganbagian,0.00010627573842983538
ganggu,0.0001621631630200646
ganteng,0.0004877330573101789
ganti,0.0014383706545944867
gantung,0.0002518953445726198
gapernah,0.0001703437731941773
garagara,5.449053336144177e-05
garansi,0.00010477959070362707
garis2,0.00014440123888191954
garisgaris,9.793841134117459e-05
garmen,8.860614854420683e-05
garter,0.00014065430233930427
garternya,0.00011802250234172475
gas,7.238491743063502e-05
gatal,0.00023496046553183548
gatel,0.00015166080811789156
gausah,7.596138922244789e-05
gayangka,0.00022057859600220237
gede,0.001581035280252501
gelap,0.0008473859895975594
gembrong,0.0001363435745424746
gemuk,0.00033444868773420134
geng,0.00016573004729698908
gepeng,7.808843713661452e-05
gerah,0.0012500169939646075
gerai,3.4560766925239184e-05
gerak,0.00033755551228882027
gesek,0.00010868560413409597
gesper,0.0008949122648038315
get,0.00011210215036656079
ggwp,0.00017067167538314736
giat,0.00011552405602378403
gigit,0.00016684898172207048
gila,0.00027302871817469243
gilir,0.00014971985653364128
gin,0.0032392175342393615
gitu,0.0010777943774102356
gituan,5.951924157404806e-05
gitulah,0.00015321322951972758
give,5.6207664739998756e-05
glossy,0.0001766502722219189
gmana,7.930668458270609e-05
gni,8.503067033029618e-05
gocap,7.72073509467918e-05
god,3.681017133512191e-05
gojek,5.7152500483903335e-05
gokill,0.00020990352587975955
gold,0.00013357676139515254
golong,0.000559677957443399
gombrang,9.137599078852326e-05
goni,9.631750064593961e-05
good,0.008257806674819708
gores,0.0003860324256396739
goresan2,6.374018739406535e-05
got,8.278119207494688e-05
gramasi,0.00012391024725069173
gramasinya,7.160748781672386e-05
gratis,8.371091459077486e-05
great,0.0004757421663621354
green,0.0001982182676759043
grey,0.0006275919184972666
gsm,0.00017907478064682297
gtu,0.0002700279075615696
gudang,0.00018559047787549638
gulung,0.00023986470522287294
guna,0.0011957258058099937
gunting,0.0004902073619712287
gurih,0.000283717644051695
gurka,4.111795633197823e-05
guuddd,0.0001228426646088382
guys,8.139148393556067e-05
gym,0.00013501411664047604
h1,5.8294657850166405e-05
habis,0.0006871669052076616
hadeeh,9.229776093231826e-05
hadeh,0.0003134377461536321
hadeuh,0.00014569226302705635
hadeuuuuhhhh,0.00012858186288327008
hadiah,0.00020039067774511152
haha,0.00031968675995730955
hahaa,0.00010438381155945364
haiss,6.284062569808189e-05
hal,5.270601789388752e-05
halaman,0.000171565734561113
halang,8.307932392099479e-05
halus,0.0041266710442704625
halusadem,0.00014205765287913854
hampir,0.0010495660653272924
hancur,0.00011863259509389908
handkerchief,3.9185110113794444e-05
handsome,8.548401586528726e-05
handuk,0.00010928435511079817
hangat,0.00011859185118582819
hanya,0.00019331707634708304
hape,0.00025891924002937965
haragnya,0.00013705038683915573
haram,0.00010215538960207323
harap,0.001607325497329879
harga,0.01911420262679745
hargaternyata,0.0001428428644480157
hari,0.005810578723020624
harus,0.002065593290207959
hasil,0.0003958414476796019
hat,0.00010995372572526711
hati,0.0005031529120115741
hati2,0.00027352622445247615
hatihati,0.0003858305926853555
hbh,0.00014627367198631296
heather,0.00011314279693430487
heave,0.00013643678704944198
heavy,0.00012703638752508634
hebat,0.0001534985871402498
hehe,0.0006967556188117635
hehehhe,0.0001399775317717058
here,4.2650621273655046e-05
hes,0.00013312161607692606
hidup,0.00013324924179618778
highly,5.6136930819873e-05
hijau,0.0009360038915083785
hilang,0.0006951627157994009
hingga,8.349062250893774e-05
hirau,0.00010505044310894394
hitam,0.005207794573810184
hitamy,7.774101384254812e-05
hitem,0.00012591711195224738
hitung,0.00019360157995291022
hmmm,0.00014897556150896295
hoc,0.0003817258993113559
holder,9.034572402320153e-05
honduras,7.359316237997097e-05
honestly,8.558112023399166e-05
hongkong,8.010543834826878e-05
hoodie,0.00046449545969413046
hormat,0.00011702818420778538
horrendous,4.2650621273655046e-05
house,0.0005522843092257348
housecoffjadi,0.00013708164456099222
houseofcuff,0.00039549467346146864
houseofcuffnya,4.808356010209602e-05
houseoffcuff,0.00015784993542001358
how,8.365260776467513e-05
hp,0.00029498159558743044
hppc,7.053900278837013e-05
hr,0.0001985013447362676
hrg,0.0002484084376128211
huftt,5.951924157404806e-05
huge,5.6136930819873e-05
huhuhuuu,8.69799225908364e-05
hujan,0.00011859185118582819
hurt,5.124127600631081e-05
huruf,0.00019958554722355998
ibu,8.117450410360397e-05
ide,6.229889581519956e-05
idea,0.00019795562588100936
ijo,0.00014194601107923177
ikan,0.00021558877993087247
ikat,0.001352513556129336
iklan,0.0008093334695174289
ikut,0.00043844619882559075
im,8.956228383771206e-05
imbang,0.0004455461903435298
improve,0.0003465298732866243
in,0.000759506588846613
inbox,3.288714848047633e-05
inch,0.0003919028707778528
indomie,7.671751501077935e-05
indonesia,0.000870448239727283
indonesiafriendly,4.182097591741339e-05
info,0.00028223766326069996
informasi,8.122047364465668e-05
informatif,0.00020056042632379988
ingat,0.00026287284767687356
inggi,0.00011170568072066323
ingin,0.0004598076824890084
ini,0.002709571719403898
inimah,0.000149663451153034
initidak,0.00014294517694456255
inner,4.182097591741339e-05
inside,5.6136930819873e-05
instan,0.0005128039758673101
instant,0.0001957668158472189
instore,0.00011154915358065283
insyaallah,0.00014249343699924397
internasional,8.500078899960146e-05
inti,0.00011977398595678343
intrajakarta,3.4560766925239184e-05
invest,4.3775354654987886e-05
investigasi,0.00011259205697952068
investigate,8.052064987546214e-05
iron,6.354315779720522e-05
is,0.00038272119640856664
isi,0.00012770302997042323
istimewa,5.0725400860640444e-05
istri,0.00013324924179618778
it,0.0024027602943917036
item,0.0006889333553109287
its,0.0003142511756556426
itu,0.001283684932231886
iya,0.007280517087071505
iyaa,0.00010241272263589618
jabar,0.00016214748823781884
jabodetabek,0.000146504169493481
jadi,0.00827937865426085
jadwal,0.0003257079557316776
jaga,0.00027130963044688113
jahit,0.006713670127065575
jahitanya,0.018018382851965897
jaitan,0.00012496723079091662
jakarta,0.00024700510362767877
jakcloth,8.397144121308385e-05
jaket,0.0013359505766798849
jalan,0.0007168489939327587
jam,0.0004482230894659011
jaman,0.0003848665080421595
jamin,0.0003603420015700659
jamur,0.0001283308923741572
jan,9.908095726705723e-05
jangan,0.0013034719311296739
jangka,4.3775354654987886e-05
jangkau,0.0008144293641298289
janji,0.0006021747379753193
januari,8.145743810030263e-05
jarak,0.0001965978419043181
jarang,6.409568223696111e-05
jaring,0.00013667095769011054
jas,0.0005336059244799679
jasa,0.00022150325503944408
jati,0.00011317791610395336
jatoh,0.00021226595478238553
jatohnya,0.00016583808188219237
jatuh,0.00014195583955571464
jauh,0.002247874827103369
jawab,0.0009984641180459826
jayamakasih,0.00012995608945035958
jdnya,8.43777001829103e-05
jeans,0.0007254891690864268
jebol,0.0008666071130009619
jeda,7.380914404488741e-05
jegreng,7.286515413331646e-05
jelas,0.0014530558290167153
jelek,0.00708930530064032
jemput,5.228632437893682e-05
jemur,7.314298701441174e-05
jenama,4.98674614389698e-05
jenis,0.0005682850522939277
jepang,9.99429298470832e-05
jepit,0.0004575265042091176
jernih,7.89588992791734e-05
jika,5.609186295178925e-05
jingjet,0.00017533879195606521
jiwa,7.755670079131868e-05
jkt,8.349062250893774e-05
jlsx,0.00015509527747329914
job,0.0005201841524565777
jongkok,0.00015080131042219153
joooosssslllaaaahhh,0.0001335496751443898
jt,0.0001002029792934779
jual,0.0030362929768904803
juara,8.01339776159906e-05
judul,0.00035195685029823807
juga,0.0009078149961482269
jugaa,0.00012423732426757443
jugakkk,0.00017148388565263275
jujur,0.0006653070597267686
jujurr,7.3689921942359e-05
jumat,0.00041810182322480797
jumbo,6.500838051790709e-05
jumlah,0.0003032619347789281
juntai,6.312145057746054e-05
just,0.00033911352147454436
k2,9.789547439504837e-05
ka,0.00011326270573996321
kabar,5.349566517272366e-05
kabarin,3.874108115326283e-05
kacamata,0.0006851547110219367
kacau,0.0007184775599875926
kacauuu,0.00017214672926495515
kacing,9.7648092621568e-05
kadar,0.0001628352852908022
kado,0.0005612212890012946
kaget,8.860614854420683e-05
kain,0.006648455295237394
kainny,9.789547439504837e-05
kait,0.0005853802895223939
kak,0.0006374801069566145
kaka,0.00012719882654566977
kakak,0.001958426965336753
kaki,0.002689894371258004
kakiny,0.00011527399962517083
kakkok,0.0001422116339893739
kaku,0.0020164344817223514
kalah,0.0003426531452803855
kalau,0.006103614489658386
kalem,0.0002816732850745653
kalep,0.00021080281355435952
kali,0.005904721718245644
kalian,0.00019112444283207126
kaliatas,5.9752069273891073e-05
kalok,5.270601789388752e-05
kami,5.859256385903418e-05
kamis,0.0004082153203273492
kamperrrrr,6.643432714248297e-05
kamu,0.00013770234658870418
kan,0.0005880177056318327
kanan,0.0006629509009874028
kancing,0.006956427854177744
kantong,0.003685315879090858
kantor,0.00021649165758628843
kantung,0.0003024844548108795
kanvas,0.00015291505288921747
kaos,0.008284938059327398
kaos2,0.00027919886719370864
kaosny,8.41622815536037e-05
kapan,0.0002183535138003831
kapanmodel,0.00013708164456099222
kapok,0.0003301338128967368
kappok,8.771170872312895e-05
kara,6.528107982885219e-05
karabiner,0.00010185640808367493
karakter,0.00013337737087397634
karat,0.0007516460191624796
karatteroxidasi,7.537875104766546e-05
kardus,0.00015105760091423638
karena,0.0008387955253475975
karet,0.00034442514373358735
kargo,9.120258780923347e-05
kartu,6.684235444375007e-05
karuan,5.4609938096039615e-05
karung,0.0001628630264291266
kasar,0.0050750789863821906
kasartidak,4.9904048575723923e-05
kasi,0.00011005752571781486
kasih,0.0059645961118668135
kasus,0.0001752976722348404
kata,0.0011619472049550813
katakata,4.837821706920779e-05
kategori,8.01339776159906e-05
katin,7.854956533020918e-05
katingannya,0.00020879535835703576
katun,0.0004040333998214905
kawan,0.00040155181832686763
kaya,0.0029041693562852863
kayak,0.004370736699977268
ke,0.0008828878374825685
ke2,0.0003536348765778491
ke3,0.00018498727521897365
ke5,5.228632437893682e-05
kebesaraann,0.00011604404072752278
kebesaren,0.0004968944099378882
kebut,0.00011179913789482944
kece,0.0006122771236122647
kecee,0.00014306606713744376
kecewa,0.00702462509283173
kecewah,0.0001924134896515131
kecil,0.016379917965734396
kecil2,5.6642878153897924e-05
kecilll,0.00016110615603852108
kedua2nya,7.428229122723156e-05
keduabahan,0.0001775119966713265
keep,7.693109608079608e-05
kejar,3.681017133512191e-05
kejut,0.0001265620693628479
kelas,0.0007570773984818215
kelassss,0.00012762744730756992
kelebihan2,6.526931402933273e-05
keluar,0.001832316143662622
keluar2,0.0001284968844680778
keluarga,0.00015841687994164706
keluarkeluar,4.111795633197823e-05
keluh,0.00013676663645986755
kelupas,0.0008612242474872856
kemanamana,0.00012280547616651307
kemaren,0.00024787211748648414
kemarin,0.0001551722246409095
kemas,0.0006576337780640197
kembali,0.0018459140621810979
kemeja,0.0017457854533337487
kemudian,0.000303337451254133
kena,0.0005510354957968418
kenapa,0.0005884607463795239
kenceng,0.00018445133662045978
kendala,0.0003000386762099241
kendor,0.00021821269586893527
kenkaiyang,0.00013708164456099222
kenyang,0.00010599402389859873
kepake,0.00034095394578824526
kepala,0.0018415593747158968
kepentok,0.00013588931746078424
kepo,5.6207664739998756e-05
keponakan,0.00021431950025258426
kerah,0.0022150547057549577
keras,0.0008588721159997685
kereeeeennnnnnnnn,0.0002484472049689441
kereeen,0.0002484472049689441
kereen,0.00013986626727205344
kereennn,0.0004789113650554578
keren,0.016875120115949754
kerenbahan,0.00014912389745979536
kerennnnn,0.00023195760797853874
kerennnnnnn,0.00013954464314982926
keringat,0.0012542757885858743
keringatttt,0.000156434145208409
keringet,7.766597996323354e-05
keringetan,7.766597996323354e-05
keringrtan,7.286515413331646e-05
kerja,0.0008927606928975649
keropos,4.684331293275939e-05
kertas,0.00010477959070362707
kerut,0.00029150379695600605
kes,0.00036246292594351704
kesal,0.00027266307871749273
kesan,0.0003323926053912301
ket,6.334346879493002e-05
ketat,0.0010740253093751602
ketawa,0.00034364200296837404
ketemu,4.442020167024333e-05
ketiak,0.00010921052551651474
ketidaksengajaan,0.00012014110514067981
ketika,0.0003171737589221311
kewl,0.0001103387599053554
kg,0.013437026241871241
khaki,7.537875104766546e-05
khakicreme,7.537875104766546e-05
khusus,0.00047027806332103356
kie,8.078505289284847e-05
kijang,5.284351703401236e-05
kil,0.00011261251809522342
kilap,0.0001408881370270758
kilat,0.00012370627233663863
kira,0.0012274228804537643
kirainnya,5.7036772715853875e-05
kiri,0.0009596619977850341
kirim,0.0241617213769086
kirim2,0.00010222548772374279
klaim,0.00015114376926235744
klan,0.00018068672718658005
klasik,8.266907716615067e-05
klien,7.684046585678009e-05
kluar,0.00014148393799675126
know,3.9185110113794444e-05
ko,0.0005727038352250063
kocak,0.00023615589985508228
kok,0.00298401021021872
koko,0.00011201265302754294
kokoh,0.00040843647417862863
koleksi,9.05105007004711e-05
kolom,0.00014344317172630675
kombinasi,0.00012507444069375124
komen,6.284062569808189e-05
komentar,0.0010512110306721684
komiten,0.0001718890789585208
kompetitif,5.728824500905384e-05
komplaiin,0.0001253207873167934
komplain,0.0006152225056140023
komplen,0.00018155442262578387
komplit,0.00012607739604576868
kompromi,0.00040716396206235924
komunikasi,5.728824500905384e-05
komunikatif,0.00013555017402863212
kondisi,0.0015921805197478879
konfirm,8.244728524578384e-05
konfirmasi,0.0010820447526360309
konsep,0.00019627306249739445
konsisten,0.0007816576600021596
konsistensi,7.364364420826074e-05
konsistensikualitas,7.712575416422722e-05
konstruksi,8.254113909522317e-05
konsumen,0.0006899574752677254
kontras,6.466415938791356e-05
kontrol,0.002982435896345776
konveksi,0.000509765445853881
kooperatif,5.728824500905384e-05
korban,0.0002001309092005302
korek,0.0002001309092005302
kosong,0.0008956088723593794
kotak,0.0007405819737563341
kotakkotak,0.0002290552141792419
kotor,0.0009688773860873797
krem,0.0004900841938254079
kresek,0.00017112150824693902
krim,0.0001753774282054812
kritik,3.9185110113794444e-05
kriting,0.00015595664772979803
kross,0.00017072037587770975
ku,0.00013494009437755344
kuaitasnya,0.00010243797015699094
kualiatas,9.236801099427379e-05
kualiatasnya,4.860493410002361e-05
kualitas,0.02600709135828552
kualitasny,9.084804766048654e-05
kualitiasnya,0.0002369880901264728
kuasa,4.0850285282569456e-05
kuat,0.001649651070317815
kucing,0.00010614585714196042
kuliah,0.00023458556338372202
kulit,0.0013173065672779814
kulitas,0.00022121639106180416
kunci,7.453546888631744e-05
kuning,0.0010420595218386148
kuning2,4.419798354431941e-05
kuningan,0.0001529613585200051
kuranc,4.923173721356021e-05
kurang,0.021094662234010037
kurangslow,0.00018127225824897427
kurcaci,5.730151384455799e-05
kurir,0.0016207524570853217
kurleb,9.530666212360921e-05
kurus,0.0003604666667150855
kusam,0.000779768437153967
kusut,0.0007412858427551116
kuwel2,0.0001746138743846534
kw,0.0004041988338650496
ky,0.0002219195786514354
kya,8.866358486731089e-05
kyknya,8.169606130869152e-05
la,0.00042053416098440346
laapak,9.638864239324962e-05
laba,6.41786756375613e-05
label,0.0010464106329384686
labelseperti,7.250796904350031e-05
labelunbranded,0.00011203194822485107
lable,7.798150490734632e-05
laen,0.00013746799528550205
laennn,0.00014065915864660373
lagi,0.000444531994205052
lagi2,5.6642878153897924e-05
lagiiiiiiiii,0.0001268688448914764
lah,0.005820328597101472
lahcepet,0.00011265977020092721
lain,0.0016398570956219067
lainmya,6.215190444033795e-05
laku,0.00020271962090496977
lalu,0.0010135174208005765
lama,0.009889282512417894
lamaa,0.00010783957089627769
lamaaa,0.00034320317996241036
lamaaaaaa,0.0001903364467345679
lamagak,0.0001733246492211902
lamatidak,6.668728555365785e-05
lambat,0.002977623417152022
lambattttkualitas,0.00019161888393909042
lampir,0.00013703805750196974
lancar,0.00021675634904131841
langgan,0.0005630125697830137
langsung,0.0026094566373151716
lanjur,0.00010076271391046378
lanjut,0.00012373544072282313
lansung,5.9752069273891073e-05
lap,8.700392265287082e-05
lapak,0.00019439846696304164
lapis,0.0003705300197582169
lapuk,4.684331293275939e-05
large,0.00011015921568957671
lastly,5.259005812569938e-05
lawak,6.822993272309804e-05
layak,0.0004959387774652796
layan,0.0041860454962507326
layar,7.053900278837013e-05
layer,0.00020330061687575215
ld,0.00016248624011680905
leather,0.00011269641624713673
lebar,0.002428495677538349
lebaran,0.0004625420271649865
lebarin,3.549829449872947e-05
lebi,8.871879416923035e-05
lebih,0.010324364410434057
lebihin,0.00010970587485688464
lecek,0.0004647801429494644
lecet,0.0002623618209549534
lecet2,7.97295623667052e-05
leg,3.4560766925239184e-05
legging,7.875456825310608e-05
leher,0.0014228152006022573
lelah,6.0564691573852945e-05
leluasa,0.00019834499206704346
lem,0.0009814801853156349
lemah,8.05156729128246e-05
lemari,6.987980289200817e-05
lemas,8.10460610905306e-05
lembek,9.416097667478154e-05
lembung,0.00013551800651915555
lembut,0.004705649191137185
lembutuntuk,0.00018306693946199072
lemes,0.0001328161931642667
lemeslemes,0.00021010492255651628
lempar,9.064614943642299e-05
lenceng,0.00015102352632745324
lengan,0.0029428290130636974
lengen,0.00020077878599073255
lenght,6.806320632104513e-05
lengkap,0.00013010975737478626
lengkappesan,0.00010145424196966016
lengkung,0.00019947360116801994
lensa,0.00014735914273096383
lentur,0.0006663149580461318
lepaass,0.00021767074421827982
lepas,0.002626354652541739
lepas2,0.0001656244079006844
lepassobek,0.00011611131681017912
lepasterpaksa,7.547235017803613e-05
letak,0.00011821349556971775
leting,0.00018565091152057935
level,7.202065227697461e-05
lewat,0.00022587967112657351
leyot,6.643432714248297e-05
lgsg,0.00048768129254865377
lho,0.0002316236686231369
liat,0.0010689113534306889
liat2,4.419798354431941e-05
libat,4.9904048575723923e-05
libur,7.935822112391876e-05
licik,8.5092280733917e-05
licin,0.0005232742143645629
lidah,9.911095980436078e-05
light,7.537875104766546e-05
lihat,0.003670647840663255
liliput,0.00024086361547704947
lima,0.0003157323891141044
lingkar,0.001934958256540093
lini,6.652440764048749e-05
lining,0.00010377409632026226
link,6.202017328088432e-05
lipat,0.0007649561000266879
listdi,7.509166530773172e-05
little,4.2650621273655046e-05
lmfao,6.918820394975645e-05
lngsung,0.00011642839049458703
lobangin,0.0002099855076571886
local,0.00010257169025802998
logo,0.00035207459710547625
loh,0.00025421322408832134
lokal,0.00048724566355846493
lokasi,6.338363831151387e-05
lolos,0.0004151341749056623
long,4.2650621273655046e-05
longar,0.0001707560544476075
longgar,0.00117185547954977
look,4.418895394971626e-05
looks,0.0003013587258552301
loose,5.6136930819873e-05
low,0.00040716301891709385
lp,7.887954059622141e-05
luar,0.0018178736829784314
lubang,0.0067337145028832
lubangin,7.763633979314482e-05
luck,0.00012230665567733803
lucu,0.00019951949533317885
lulus,9.866354584753078e-05
lumayan,0.011985144591680538
lumayann,0.0002484472049689441
luntur,0.002604815896221751
lunturny,4.419798354431941e-05
lupa,0.0004035781754633675
lur,0.00011729975625598938
lurrr,8.078505289284847e-05
lurus,0.00021813898369208996
lusin,0.00016488323521336387
lusuh,0.00011516165988611337
maaf,0.001858672806294685
macam,0.00033693110483243343
macet,0.00022982557916638352
macho,0.00018945617553994202
made,0.0006475014149951616
mager,7.000370485126358e-05
maha,4.0850285282569456e-05
mahal,0.002614968224460618
mahal2,0.0001265620693628479
main,0.00018617533310955612
maju,0.00010540704033507755
maka,0.00018556277963287045
makan,5.9316881457079296e-05
makanya,0.00010241043198629726
makasih,0.002360260012081584
make,0.00024628465431418236
makenya,0.00014863473532954286
maki,8.01339776159906e-05
makin,0.0004650614228512369
maklum,0.00014068810862219122
maksimal,0.00016199605883336765
maksud,0.00013212164102076676
maksutnya,7.424272324603524e-05
malah,0.0033353569978513877
malam,0.0005005203448982767
malas,0.0010497220314530653
malem,0.00022503345219729423
mall,0.00018574571540192256
mana,0.00066450982716639
mana2,6.526931402933273e-05
manfaat,0.0001429071361654005
mantaaaap,0.0002484472049689441
mantaaaapp,0.0001659605559358236
mantaaabbb,0.00017067167538314736
mantaaap,0.0003817248376289404
mantaaapp,0.00035017088670217026
mantaaapppppp,9.039324858593385e-05
mantaaasappp,0.0001903364467345679
mantaap,0.0005462047422986626
mantaapp,0.0009640003478042943
mantaapppp,0.00016585926874055295
mantabbbb,0.00021430110326846924
mantabbbbb,0.00013812526896541047
mantap,0.0191276785663564
mantapbagus,0.000428581493133722
mantapp,0.0013651527783259663
mantappanjang,0.00011520443938703803
mantappppp,0.00016385212988421455
mantappppppp,0.00022917461119872408
mantaps,0.0008439836105941988
mantapsss,0.00017881562737962433
mantaptapii,0.00013708164456099222
mantapukuran,0.00019901358841224246
manteb,5.937825218061624e-05
mantull,0.00033513721971704594
mantulll,0.0002484472049689441
mantulllllll,0.00017496324982310026
manual,8.807781197762303e-05
manusia,3.681017133512191e-05
manuver,0.00021289443536156325
mari,0.0002908897669622918
marketingyaa,0.00013708164456099222
maron,0.0001122647150672834
maroon,0.0005079033439790314
masa,0.0010835989751865843
masalah,0.0011924723427316247
masang,7.547235017803613e-05
masangnya,8.426708806092093e-05
masih,0.00070926239493338
masing2,0.00021820489119216285
masingmasing,0.00011356867510039474
masuk,0.0015538116690680627
masukin,0.0001692191601172817
mata,0.00014819207323066264
matahari,6.964797147311142e-05
match,8.176893736739919e-05
material,0.0015956402851902336
mati,8.426708806092093e-05
matiin,6.41786756375613e-05
matitidak,4.7551106008541144e-05
mau,0.00511646983609682
maupun,0.00017801025955834114
mayan,0.0003413247795960605
mbek,3.288714848047633e-05
mbladus,6.528107982885219e-05
mbula,6.528107982885219e-05
measurement,0.00011984096060486047
medium,0.00011015921568957671
megang,7.094783567271726e-05
meh,0.0003485929006429447
mei,4.923173721356021e-05
melar,0.0020941589514115078
melarrr,8.715961610841854e-05
meleset,5.9731396815902316e-05
memang,0.002870333578214415
memuaskannn,0.00018933557902560405
memuaskanoverall,0.0002057528206873603
men,0.00015742113880357368
mendaraaaat,0.0001650252673769305
menganggu,5.449053336144177e-05
mengecewaka,0.00018211826561997162
mengecewakanpengiriman,0.00010821436278492285
mengeneralisir,7.514853938234359e-05
menggelumbung,4.9904048575723923e-05
menit,0.00027930927012703873
mentereng,7.202065227697461e-05
mentingin,5.128679096571293e-05
mention,5.528627392633896e-05
menyalaaaa,0.00012582243230329862
menyalaahh,7.755670079131868e-05
mepet,0.0001729904567897378
merah,0.0008490566493467597
merek,0.0016786769713463567
merek2,5.663620832259464e-05
merekpengiriman,0.00013708164456099222
mereng,7.430754106656816e-05
merespon,5.859256385903418e-05
merk2,3.633191883018576e-05
merknya,8.851643911797917e-05
mes,0.00021444816202476543
mesan,0.0009087308966603064
mesen,0.0005098445134987994
mesin,9.916176398914226e-05
meski,0.0003279803430636527
mesti,0.0003460716248755843
mewah,0.00013798771686595498
mf,9.944285276298829e-05
mikir2,0.00023200382410251796
milih,0.00025018609840831823
milik,8.259453781113153e-05
min,0.0018079902136645541
minceu,0.00014037317414367244
minggu,0.0014900985845138204
minim,6.668728555365785e-05
minjem,0.0001363435745424746
minta,0.0028672590079824806
miring,0.00026877561676237887
mirip,0.0002940490171096801
mirip2,0.0003046847746021151
miro,8.006942385865394e-05
misal,9.508732460455335e-05
miss,0.00020893482086656537
mksh,0.0001262566882368461
mlg,8.349062250893774e-05
mlh,7.230106444983356e-05
mlm,0.0001675253584779594
mmg,0.0001504287922588396
mnding,6.251751175723686e-05
mngsud,8.556514136865892e-05
mnta,4.0850285282569456e-05
mntap,0.0002484472049689441
moca,0.00011221903979542812
mocca,0.00012014110514067981
model,0.012835771627271253
modul,0.00011837689115510978
moga,0.0046710118228124676
mohon,0.002034864397010622
molor,7.314298701441174e-05
money,8.518392417168237e-05
monitor,3.681017133512191e-05
motif,0.0028499229758125735
motifwarna,0.00010694835657365853
muas,0.0008278572798813265
muat,0.0012213052944061698
mubazir,8.728665822359044e-05
much,8.67957364245574e-05
muda,0.0005361754303170262
mudah,0.0020881187835616734
mudah2an,0.0004928605746695231
mulai,0.0007911383306232479
mulangin,6.242306250291938e-05
mulus,3.681017133512191e-05
mumpung,6.338363831151387e-05
mungkin,0.0022022107515772193
mungkun,0.00011032570228829485
murah,0.0037728280421046737
murni,6.409568223696111e-05
musim,0.00011859185118582819
musti,9.450968844022154e-05
my,0.00019236131298471299
nada,9.867152226857098e-05
nah,6.776167709622934e-05
nahan,4.182097591741339e-05
naik,0.0008917144891758148
naksir,0.00019032513870901005
nama,0.0005191669928019545
nambah,0.00010743935562487372
nambahin,0.0001569062214982079
nampaknya,4.3775354654987886e-05
namun,8.53766615968393e-05
nanti,0.00023755196060384144
nanya,9.417709090754607e-05
naro,0.00013708164456099222
naung,7.314298701441174e-05
navi,0.00032768146434339514
navy,0.0012323106135055174
navynya,0.00015551813524561454
nc,0.0002484472049689441
ncok,0.00010017482497270101
neat,4.2650621273655046e-05
nebeng,8.117450410360397e-05
neck,0.00024021661303205537
negeri,0.00031136610799209843
nembus,7.122970503940978e-05
nempel,0.00048103482104178174
nemuin,9.0940126384615e-05
nerawang,0.0015056322779052832
new,9.192804438877524e-05
next,0.002008922281045269
nextday,5.9731396815902316e-05
nextiennya,7.16228191596771e-05
nextnya,6.030928045834245e-05
nga,0.0003937692572616987
ngabarin,8.593000448744214e-05
ngait,0.00011604140759051552
ngambil,0.00013656996341281156
ngandelin,4.1493347773052154e-05
ngantar,0.00017449489272022243
ngantongi,8.96076123244239e-05
ngantongin,0.00014447226992575995
ngantor,0.0002165023381691939
ngapain,0.000109730173712002
ngasal,0.00031846690184546804
ngatung,0.0003673717610291861
nge,0.00016810002059587428
ngebayangin,8.02407509072672e-05
ngebut,0.00020942028716849743
ngecek,0.00010392073955331356
ngecewain,0.0001959611342749273
ngechat,0.00012191660645543446
ngegantung,0.00021529956326520616
ngegigit,0.00013014165898657485
ngeh,6.978266973043221e-05
ngejait,7.547235017803613e-05
ngelobangin,5.803154639380965e-05
ngelotek,0.00018538443715778772
ngelubangin,0.00010809761029196156
ngelupas,0.00025470789845843093
ngepas,0.0008508051720291312
ngepass,0.0005088868733816763
ngeplak,0.00019339487478845597
ngepres,0.00013783954096436288
ngepress,0.0006897894949408094
ngerapiin,8.732447255866412e-05
ngerasa,4.7548174136115825e-05
ngerusak,9.19389582400249e-05
ngeunah,0.00016489477198680793
ngewa,4.837821706920779e-05
nggaak,0.00011170025199917289
nggk,9.23162394810112e-05
ngikutin,0.00011158132263425015
ngirimnya,0.00011201265302754294
ngladeninnya,4.0850285282569456e-05
nglupas,0.00013930438608445958
ngobrol,0.00021314396218182852
ngomong,0.0001524353565766234
niat,0.00043678630521682896
nice,0.0036159931488733183
nicee,0.00011593246657027748
nikmat,0.00010215538960207323
nilai,0.00052128515628995
nipu,0.0001752976722348404
nmr,0.00011203507475353852
no,0.0009608643888842007
noda,0.0007209833965636374
noda2,8.066272116187084e-05
nomer,0.0002502413587231274
nomor,0.0009645258714347055
nomot,3.633191883018576e-05
nongki2,0.00011227505568344901
nongol,5.883658419406379e-05
normal,0.00048332460967861774
note,6.594562566837749e-05
noted,0.00011822197308298133
notes,6.262456079920036e-05
nrawang,0.00019514813246219973
nsa,0.00017777789102249236
ntabs,0.00015597161856683103
ntah,0.000179322925027142
ntapssss,0.00018295905903278133
nunggu,0.00016098434497567325
nungguin,9.619569267492338e-05
nunggunya,7.000370485126358e-05
nusuk,5.6834792801409725e-05
nvvak,6.030928045834245e-05
ny,0.0007176852999359458
nya,0.025658989887831867
nyaa,0.00014679575664303557
nyabahan,0.00018356915947252843
nyaentah,0.00011107532480071743
nyak,7.651306331770189e-05
nyala,7.733796395808018e-05
nyaman,0.015042523919582216
nyambung,0.0001710797464674227
nyampek,3.75758702689165e-05
nyampenya,0.00032215061891662964
nyangkut,0.0001804546215751361
nyata,0.004944951441491717
nyebelin,5.0725400860640444e-05
nyeplak,0.0001825377070809243
nyerap,0.00020300767565047172
nyesel,0.001117120781680909
nyimpen,9.01467976743627e-05
nylon,0.00010204532639472198
nyoba,0.00019221603161996925
nyong,0.00013555840647806714
nyuci,6.312145057746054e-05
nyumbang,6.309339931356844e-05
nyuruh,7.641145567811255e-05
nyusut,0.00014246693125913098
oadahal,0.00010665426830729474
obeng,7.733796395808018e-05
objektif,5.124127600631081e-05
obral,9.585788988012144e-05
oebar,6.940690204586375e-05
of,0.0006116525826423794
off,0.000162731799691046
office,6.338363831151387e-05
official,0.0010034473800023213
offwhite,9.142456002247907e-05
ok,0.0006236161396169045
okay,0.00012324180908100218
oke,0.012205222123096967
okeadem,0.00022374569592373814
okeademwarna,0.0002130683693070794
okee,9.66961850661489e-05
okeee,0.00012097658908113526
okehh,0.0002484472049689441
okesi,0.00017373121360437092
oketerima,0.00012719882654566977
okey,0.00034867180423499023
okt,5.9731396815902316e-05
okthanks,0.00012173481575095082
okukurannya,0.0001320700926693044
oleh,5.349566517272366e-05
olive,6.234355357172993e-05
on,3.681017133512191e-05
ongkir,0.0003661799476683253
ongkos,3.967911056195938e-05
online,0.0004886653577193978
ons,3.9185110113794444e-05
ontime,0.000125977597762244
opening,3.4560766925239184e-05
oper2,5.270601789388752e-05
opinion,0.00010937848540384171
oplos,8.796705164062311e-05
opsi,0.00019987976381077803
orang,0.0010940402930573697
orang2,7.914423840300502e-05
orange,8.871879416923035e-05
order,0.005729526759969644
original,0.0011608718751670978
originalll,0.00019986064480071472
otomatis,0.0003231575968162731
otot,6.413627891265772e-05
out,0.00044671705726093613
outlet,8.365260776467513e-05
outside,5.6136930819873e-05
oval,0.00017651334693568246
over,0.0007469036912673783
overal,7.430754106656816e-05
overall,0.0032791725172043574
overated,7.758491263373113e-05
overprice,0.00014722615927496814
oversize,0.00043305481991068973
oversized,0.00035365273969125164
ownernya,8.473453796654576e-05
pabrik,6.940690204586375e-05
pacarkuuuu,0.0001399775317717058
packaging,0.0016991830064118413
packagingnya,3.75758702689165e-05
packing,0.0042382008018792125
packingnya,0.0005141122845686965
pada,0.00020931393167100579
padahal,0.005552405437999928
padan,5.284351703401236e-05
padat,9.789547439504837e-05
padhaal,0.0001372446696523239
pagi,0.00033463352396896704
paha,0.0011628745155075227
paham,5.259005812569938e-05
paid,8.278119207494688e-05
pakai,0.017443330969657177
pakenya,0.00017728108424946155
pakepas,0.00012995608945035958
paket,0.0011155509677584262
paking,0.0002640746647785473
paksa,0.0003742940949351893
palastik,0.00020465061426457837
paling,0.0013059535806027103
palsu,9.793063088694245e-05
panaaas,0.00022369430464704547
panas,0.006141599532543948
panasukurannya,0.00018282888254946833
pancing,0.00013708164456099222
pandah,0.00011375474052233424
pandang,0.0002868785368493677
pandu,0.00041345636239905356
panjang,0.005436737323019288
panjanglebarlengan,4.562661265963397e-05
pankang,0.00011520443938703803
pantas,0.0004754665397539104
pantat,0.00012325315295890995
pantesan,9.053502193049071e-05
pants,0.00031960581006596856
parah,0.0022117515034116653
parahh,0.00011934630728583482
parasutpoliesternya,4.182097591741339e-05
parfum,0.00010798736402330737
parka,0.00020857285076819525
partai,0.00047516612779885376
pas,0.08296249334609684
pasang,0.0008060948184790229
pasar,0.0015347020551997803
pasar2,8.066272116187084e-05
pasaranuntuk,7.250796904350031e-05
pasbagus,0.00012719882654566977
pasbahan,0.00014818538738828918
pasbahanya,0.0001332567353917437
pasbarang,0.00039848689648524604
paskainnya,0.00020536587110364145
paslahh,0.00010510502683481264
pass,0.0009477236632785259
passemoga,0.00017566992867852944
passs,9.999857745551181e-05
pasti,0.000515016239665461
pastiin,0.00010789899452916321
pasuk,0.00011859185118582819
patah,0.0007418705238918072
patch,0.00017528753043490278
pattern,0.00019584855291432645
pay,8.67957364245574e-05
payah,0.0006564177332245491
payahhh,0.00015702018092979733
pc,9.034572402320153e-05
pcs,0.0003561912756264597
pdahal,0.00010648486350854401
pdhal,4.182097591741339e-05
pecah,0.0007363428188150695
peckingan,0.00020278952056790105
pede,0.00012582243230329862
peduli,0.00010843324693277418
peer,7.16772868992384e-05
pegguna,6.518484000412274e-05
pekat,0.0005604572471307262
pelang,0.00019987793083460503
pelayananya,0.00015952770518645311
pelit,0.0001141123290402817
peluang,8.714263363366362e-05
pembeliam,7.313190952961598e-05
pemberitahuan,0.0005021671817564252
pemgiriman,0.00020564985409378866
penasaran,0.0002472935466063488
pencet,7.703017319007261e-05
pendek,0.0024923387574759177
pengerjaanya,0.00011071773596427885
pengimiriman,0.00011966543571072262
pengirimanya,0.00013541667044415564
peniti,0.00029584064520923946
penjait,9.399569684017383e-05
pent,7.766597996323354e-05
penting,0.00028392422273998093
pentol,9.911095980436078e-05
pentulnya,0.00014244024160339666
penuh,0.0003599771455176127
penyet,0.00011516165988611337
penyok,0.0007506464840250732
per,0.00029055850049468064
percaya,9.880637707288639e-05
percelanaann,6.652440764048749e-05
percentile,5.803154639380965e-05
percuma,0.00013969233869926944
perfect,0.00024207203263095425
perhati,0.0011345957751285214
perhatiin,8.158017526300778e-05
periksa2,6.0425346176429134e-05
perlu,0.001131331963007327
permak,0.00048190130259293147
pernah,0.0024610637310440654
persis,0.00012483952178170507
personal,0.00013100052363279865
pertama,0.0020294861250506713
perut,0.00014015879272773473
pes,0.0016969101685219495
pesak,0.00017215768075244163
pesan,0.016593826878762045
pesananterima,0.0001502084592629254
pese,0.00010222548772374279
peta,0.00022152463813109564
peyok,5.807729387380708e-05
photo,9.515242712150144e-05
pick,9.970227268146573e-05
pict,6.374018739406535e-05
pihak,0.0002316199947916643
pikir,0.00031817887390556886
pilih,0.002655080141047914
pin,0.00010022767535101365
pinggang,0.003417141221502849
pinggir,0.0007339250103876115
pinggul,0.00016068526372417857
pink,0.0002735253662649693
pintu,8.052064987546214e-05
pis,0.0005940398319102372
pisah,0.00018913813049205322
pita,0.00010289569537162841
pk1646,5.878873035232382e-05
pke,0.00044290653067185446
pkokya,0.0001676848739350401
plastik,0.0023974133104259564
plus,0.0001957969694535708
po,7.380914404488741e-05
pods,0.0002001309092005302
point,6.806320632104513e-05
poko,0.0006234618998380725
pokok,0.0029764394653587116
pokoke,0.00026163242493825096
pol,0.0002916384481295297
pola,0.0006342552198834179
poliester,7.139010554205079e-05
polister,7.854956533020918e-05
pollll,0.00017237922694234072
polo,0.00046568449685863053
polos,0.0009783747009604411
polyester,0.00013042224830342686
pori,6.988767744557964e-05
posisi,0.00024098227009395313
positif,0.00010095512861702855
poto,0.00016508249113429598
potong,0.0023429045984892363
pr,5.2323222897104725e-05
praktis,9.7648092621568e-05
pramuka,9.130913011593059e-05
prasangka,0.0010438639578822352
prefer,6.987980289200817e-05
preferensi,5.663620832259464e-05
premium,0.0011731704548585639
premiun,0.00017980865952573768
present,4.2650621273655046e-05
presisi,0.0010513002268864426
press,0.0002565107802489282
pribadi,0.00013791748519143473
price,0.00047174904968391083
pride,6.652440764048749e-05
prima,0.00013933095973870868
primary,3.9185110113794444e-05
print,0.00010459985793947255
printilan,8.117450410360397e-05
problematik,6.668728555365785e-05
produk,0.011805545208393916
produksi,0.0004855153681553227
profesional,0.0006996835813864906
project,3.681017133512191e-05
promo,0.0012141769540368536
promonya,0.0001666543443765903
promosi,5.937825218061624e-05
prosedur,0.00012922061699462955
proses,0.003988333120910804
psti,8.383014744301193e-05
puaas,0.0003679204033180831
puas,0.004599443652510398
puasss,0.00016737032742639233
puasssss,0.00022972832778775135
pucet,0.00012959029748976208
pudar,0.0014017143423192947
pula,0.0001579255782172111
pulak,0.00016709005564737928
pulau,0.00011615458774761415
pun,6.952428358939842e-05
punggung,6.0425346176429134e-05
punya,0.0008821111800752764
puoll,0.0003388336343653429
puring,0.00014197602290788076
purnama,9.970227268146573e-05
purposenya,3.9185110113794444e-05
pusat,0.00013910779420080527
putih,0.0033226977262135805
putih2,9.389748075584605e-05
putung,0.00010313461677534841
putus,0.0005821982392720983
qa,5.803154639380965e-05
qcnya,0.00011332610079919804
qodarullah,7.693109608079608e-05
qualitas,0.00036701867134574184
quality,0.0008383020077053612
qualitynya,0.0001492470945842697
quicksilver,9.610801580998462e-05
quiksilver,5.128679096571293e-05
rabi,7.058568484400295e-05
rabu,0.00011265977020092721
rabun,0.00010799098116977972
rad,0.00012828809624011308
rada,0.000601813107295596
ragu,0.0004869016203970877
rail,0.00011250816078692863
rajut,5.8294657850166405e-05
rakit,0.0001985013447362676
ralat,9.322388445128112e-05
ramadhan,7.573883916944534e-05
ramah,0.0010579871799544678
ramai,0.00012048493526602297
rambut,0.000130379825325685
random,0.00012034001100732103
rantai,0.0002390386545078455
rapat,0.0003473865360617908
rapi,0.01239686591386882
rapiato,0.0002403702600526109
rapih,0.007285830344129117
rapihhh,0.00046725495741297253
rapihnya,0.00011293302659398008
rarely,5.6207664739998756e-05
rasa,0.0008591610064187412
rasain,6.987980289200817e-05
rata,0.00014536502837937155
rating,0.00040785751448774095
rawan,8.807781197762303e-05
rbuam,8.717130971079283e-05
ready,0.0003923811842201987
real,0.00026013007594611774
really,6.806320632104513e-05
rebranding,0.0002655220073832167
rebu,8.007177795812168e-05
recomen,0.00012823207086131756
recomendes,0.00012512411034188225
recommend,0.00029613489528455204
recommensed,0.00015089406573503785
refund,0.0005522325251222112
regular,0.0004047774261614948
reguler,0.0006154348878748059
reject,0.0006676830605405199
rejek,0.00012057260182370656
rekam,5.854523558122251e-05
rekat,0.00010367566844885024
rekom,0.00011170025199917289
rekomed,0.00010243797015699094
rekomen,0.00046742005815380715
rekomendasi,0.005605369397274532
rekomendednilai,8.389283870128242e-05
relatif,0.00029012035486263845
remaja,0.00011477944412506635
reminder,5.854523558122251e-05
rencana,0.00011728359510304007
rendah,0.000471587804394959
rendam,0.0001083414541257333
renggang,0.00017323092876799705
rentang,0.00016674095195073763
reorder,0.0002632963586879221
repeat,0.0014431814776126434
repot,0.0004922429670792658
repurchase,6.987980289200817e-05
request,0.00022326662105089071
reseler,7.443373209501387e-05
resi,6.92166846844565e-05
resiko,8.763748416846674e-05
resleting,0.0023162247680825862
resletingkancingnya,8.114613425148558e-05
resletingnya,0.0005278033886384534
resmi,0.00011107532480071743
resolusi,0.00025025364337058226
respom,0.00011838632605940636
respon,0.004779615259424638
respond,0.00015747116401410943
respondnya,0.00012234453115513174
responnya,0.000287636782532398
responpelayanan,0.00017274805831959126
respons,0.0003512856091690633
response,0.0006719448655210034
responsif,0.0013440751614981151
responsive,0.0003309731023546084
responya,0.00013104868570635277
restock,8.180071994935246e-05
retail,5.3699417796699745e-05
retak,0.00026001824161462896
retsletingnya,6.466415938791356e-05
retsletting,0.00011928971606508269
retur,0.0002376109013158558
retur2,5.85273918731346e-05
return,0.0005555121197605217
review,0.0006997084116765613
reviewer,6.273991825372087e-05
reviewnya,3.9185110113794444e-05
rhodey,0.0002369880901264728
ribetnya,6.374018739406535e-05
ribsnyaa,0.0002049334786798311
ribu,0.0017798186305051941
ribut,7.573883916944534e-05
ributin,4.0850285282569456e-05
ringan,0.0013500526819118948
ringkih,0.00014185174013145604
rise,0.00010628823530361986
riset,7.7111330111875e-05
risih,0.00018556277963287045
risiko,5.528627392633896e-05
risleting,0.0001007182398924049
rnd,5.803154639380965e-05
ro,8.285676690908473e-05
robek,0.0021041817747669465
rober,0.0001292157419001895
robot,0.00018838174253074888
rogoh,8.714263363366362e-05
rokok,0.00015585519714892126
rontok,0.00014035409967863235
royak,0.00010333785021806935
rp475000,7.758491263373113e-05
ruang,9.77669619853403e-05
rugi,0.0005832767005442436
rumah,0.00017329705460162595
rumit,0.0010652229675475837
runcing,0.00013533573347847342
rupa,0.00016132742574668051
rupiah,0.00012404034656176863
rusa,0.00011444772462359066
rusak,0.0027919668864748934
saat,0.0002856924779674959
sabar,0.0001476718170289868
sablon,0.0056220661717111325
sablonanya,0.000177177944521431
sablonya,0.00017567870340038446
sabtu,0.0002935000335629761
sabuk,0.001239181306724619
sabukgesper,0.00016211098028275046
sad,5.096875613494738e-05
sadar,0.00016995767504758357
safety,5.728824500905384e-05
sahabat,0.00023298466566545553
saing,0.00017642430858730017
saja,0.0013997652840300587
sajaaa,0.00020808913548105187
sajaterimakasih,0.00012014110514067981
saku,0.00205372888259081
salah,0.006607937500201769
sale,0.00011522849255964672
saller,0.00015178615704418877
sama,0.012372725486730544
sama2,0.0003406516533446361
sambung,0.00013071034987574738
same,7.5151740537833e-05
sampah,6.251751175723686e-05
sampai,0.003938485889248
sampai2,0.00010222548772374279
sampenya,0.00011201265302754294
samping,0.0009600489374601926
sana,0.00021949960020097842
sand,7.794869102293953e-05
sangat,0.010122145837599893
sanggah,0.00015161000917874893
sanggup,6.985533081314576e-05
sangking,0.00013742625643988068
sangkut,0.0003722692379324361
santai,0.00037241777912128387
santaicasual,8.979627508534168e-05
sapa,0.00013003404250952567
saputangan,3.9185110113794444e-05
saran,0.0012977622176194687
sarana,5.2323222897104725e-05
sari,7.755670079131868e-05
saring,0.00040737182778350473
satin,7.16772868992384e-05
satu,0.0026642593367689287
satu2,0.00012048493526602297
satudua,9.050841761442043e-05
saya,0.004921586427058839
sayaang,0.00013836500499574448
sayang,0.0023939830888897993
sbl,0.00023137491921113325
scam,9.229776093231826e-05
screamous,0.00012749737538658964
scretch,0.0001296840078295722
sd,5.228632437893682e-05
sdg,7.693109608079608e-05
sdkit,9.061368330016807e-05
seam,6.806320632104513e-05
seamless,3.75758702689165e-05
seauai,0.00018562066984840114
sebelumya,8.729396869624119e-05
second,0.0002036111315292185
sedang,0.00022559963826348402
sederhana,0.00013941348651267275
sedia,0.00069529051417766
sedih,4.419798354431941e-05
sedikit,0.004045765065878993
sedikitcenderung,5.322838650893817e-05
sedkit,0.00021293360333212474
segala,0.00011554548106294812
segel,5.663620832259464e-05
segera,0.0002836541613363769
segi,0.0003790135668024812
segiempat,0.00011022370091744119
segitu,0.002623742056900668
segitumah,0.00015306364865997756
sehari2,0.00020179810008357134
seharihari,0.00011274253138406869
sejak,0.00011477944412506635
sejuk,0.00018609951133882928
seka,9.067714298494326e-05
sekali,0.006312426030397484
sekalimulai,7.237266815296659e-05
sekalipun,0.00012392473551447268
sekapok2nya,5.928117018408445e-05
sekarang,0.0021132456084928222
sekian,0.0007439618001862897
sekitar,0.00012794922501203876
sekolah,0.00023552066292359324
sekrang,9.137599078852326e-05
selalu,0.0031811653138540726
selamat,0.0017783697183328994
selamatm,0.00014450536425486522
selang,9.916176398914226e-05
selangka,0.00013560148960592517
selangkang,0.0011096916701931457
selap,0.00012117069869060409
selasa,0.0001358191681123845
selecting,8.113456835195014e-05
seler,0.0001646061198548049
selera,0.00024187652654729288
selesai,0.00033211113280165
selisih,0.00040315608152436067
seliwer,6.526931402933273e-05
sellau,8.41577415494026e-05
seller,0.006552734811180114
sellerdapat,0.00012173481575095082
sellernya,0.0008605105843899193
sellerthank,0.0001764887096996924
seluruh,0.00011196082019026372
semata,7.839187599394146e-05
sementara,4.357584307728028e-05
semi,0.0001507024939784803
semingu,9.450968844022154e-05
sempat,0.00043209833382332067
sempet,0.00014967728047662134
sempit,0.0035730169857949422
sempitttsize,0.00016110615603852108
sempurna,0.0004113778041812061
semua,0.003032287544365088
sen,0.00034820965205618307
senang,0.0006814010574679049
sendal,7.59849933865989e-05
sendiri,0.001235841168021093
senen,0.00011265977020092721
sengaja,0.0007234630377030031
senin,0.00019015047755251531
sepatu,0.0004910993362133709
sepenuh,0.00022837962001402202
seperti,0.001416154153087106
seprti,0.00013201003582086234
september,9.000519893540816e-05
septemberbaru,9.000519893540816e-05
seragam,9.619569267492338e-05
serap,0.0010321069411212442
serapp,0.000156434145208409
serasa,0.0001831425050723652
serat,0.00019018458150405274
seret,0.00010526199600968782
seri,6.666103437086866e-05
sering,0.0006615792086049194
sering2,0.00011332682381210938
serinyang,0.000202964736583161
serius,0.000746394481454278
serta,7.798150490734632e-05
service,0.0002508682271313029
servicenya,0.0007100002444907396
ses,0.0002910570485382388
sesak,9.422302217357344e-05
sesal,0.0001462336811761433
sesuai,0.04290719097560094
sesuaibarang,0.00014818538738828918
sesuaiharus,7.547235017803613e-05
sesuaiwkt,0.000147681907048163
sesuia,0.00018091643447966412
set,0.00014702847663653916
setebal,0.00014866997170868342
setip,0.0005477741001094044
setrika,0.00030411933682028026
setsatset,0.00012234453115513174
setting,7.915423776908935e-05
sgtu,0.0002560743337597959
shalat,0.00019343454773626897
shirt,0.0002152096643291987
shop,5.937825218061624e-05
should,5.3699417796699745e-05
siang,0.000242622585275217
siap,0.00020371966518814414
siapa,0.00020228125742187503
sicepat,8.89521129705609e-05
sich,0.00021003737091518067
sih,0.007192091972052162
sihh,5.528627392633896e-05
siii,9.040235960502309e-05
siiih,8.113456835195014e-05
siip,0.00043645788655120724
siippp,0.00010930267628400236
siku,4.7551106008541144e-05
silah,0.00022449713109118447
silver,8.769549053263482e-05
simetris,0.00029960977087070223
simpel,0.0004718450162008417
simple,0.0003131485338461299
singkron,0.00017284588159036582
single,4.182097591741339e-05
sini,0.004906744906137846
sintetik,5.238322682000116e-05
sintetis,0.00023528950411577182
sip,0.0018230147812832087
sipp,0.001385427252229438
sipppp,0.0002484472049689441
sisa,0.0012396128320203907
sisi,0.00033850555365932613
sisir,0.0011232299845853264
sistem,0.00032784625746676803
situ,6.083561569354487e-05
sizechart,0.0001396691744049061
sizenya,0.0006357931377077481
sizing,0.00044873472705233533
sizingnya,0.0003617835578162531
sj,0.00019142406201117708
skg,7.380914404488741e-05
skin,0.00010232368717998295
skinny,0.0005086893174308423
skiny,8.518392417168237e-05
skitar,0.00010970587485688464
skripsi,0.0002910570485382388
skunya,6.41786756375613e-05
slebewww,0.00016027194287096243
sleting,0.00042721475463564676
sletingny,0.0001798640144614977
sletingnya,0.00015029707876468718
slim,0.0020151471515923603
slimfit,0.0020360843935809175
smaller,5.3699417796699745e-05
smart,0.00016005951232097034
smoke,7.364364420826074e-05
smp,8.27715074545517e-05
sneeze,3.9185110113794444e-05
so,0.0008926597047534133
soal,0.0008339190305737623
sobek,0.00239708109400745
sobekaman,0.00013708164456099222
sobekanbolong,0.00010076271391046378
sodara2,6.528107982885219e-05
soft,0.00028833124233729136
softee,8.715961610841854e-05
softstyle,7.854956533020918e-05
softtouch,4.7548174136115825e-05
sold,9.964317611318756e-05
solid,0.00025357381496485563
solusi,6.309339931356844e-05
solutif,0.00012724702973170927
som,7.044367293302829e-05
some,8.365260776467513e-05
somehow,0.0002640688147528014
something,5.717966085748495e-05
sop,0.00011883300604783827
sopan,4.111795633197823e-05
sopansopannya,0.00011357149840569774
sore,0.0003699713817821459
sori,4.684331293275939e-05
sorry,0.0006769117177233584
soso,0.0005240696826568315
space,0.00013398220222064858
spandek,7.748216230652566e-05
spare,6.335016107128865e-05
speed,0.00011444772462359066
sperti,0.0001709168882458316
spesial,9.964317611318756e-05
spesifikasi,0.00017109477533233333
sport,0.0002031272638569389
spot,6.179825014194227e-05
stabil,0.0004908776473549322
standar,0.0018313039582740398
standard,0.00021386632326710566
standart,0.0003492151206175808
standout,7.16228191596771e-05
star,5.6207664739998756e-05
state,9.192804438877524e-05
stated,5.3699417796699745e-05
sticker,0.00025578216467737604
stickernya,0.00015842420430552768
stickernyaaa,0.0002388590054284667
stiker,0.0014093244581925705
stip,9.034336359329002e-05
stitching,9.413399911282393e-05
stocknya,7.509166530773172e-05
stok,0.0013406185771993786
store,0.0011981868224190501
storenya,8.69799225908364e-05
stores,5.3699417796699745e-05
strach,0.00015501156712719306
stracth,7.141446770403071e-05
straight,0.00017398066655190383
strap,9.19389582400249e-05
strapnya,9.19389582400249e-05
streachmelar,0.00017446376365688922
strech,0.0009513066628036922
stretch,0.0016421101484762307
stretching,0.00020336299683102466
stretchy,0.00025735405104463537
stretnya,0.0001543625970316826
strip,9.034336359329002e-05
stud,6.202017328088432e-05
stuff,0.0002118298511347584
style,0.00026215456758913293
stylenya,0.00014881578325624017
stylish,0.00015972516127504502
suami,0.0001321989326464271
suatu,3.681017133512191e-05
sudah,0.0023972566815107068
sui,0.0002484472049689441
suit,3.9185110113794444e-05
suka,0.004543943594205741
sukaa,0.0002369880901264728
sukaaaa,0.00017207959569894664
sukses,0.00189694720118248
sulit,0.0002839419253535768
sumpah,0.0005245094861969454
sungguh,0.00018364170432525235
supaya,5.9316881457079296e-05
super,0.001003243341335803
superb,8.006942385865394e-05
superrrr,8.378354591272398e-05
supplier,0.0001206185609166849
support,7.724062221898007e-05
surprise,6.229889581519956e-05
suruh,0.0003430434537694707
susah,0.0005838181329462326
suspender,0.00011203194822485107
susut,0.0001889409201801734
sweater,4.2650621273655046e-05
syarat,0.0001985013447362676
syg,0.00013602050761858003
system,0.0001962642145477704
systemnya,5.728824500905384e-05
syukur,0.001341120924007768
sz,8.808026048352007e-05
tabel,0.0006385071681974379
tablet,8.177793681143475e-05
tadi,0.00019637532928945065
tag,0.000659039364917439
tagih,0.00014557576127078697
tahan,0.00031464631737325595
tahap,7.250562725433988e-05
tahu,0.0005967794024303707
tahun,0.00028272638391248466
tailor,0.00010036846821159512
tajam,9.138705813099925e-05
tajem,9.19389582400249e-05
takpapa,0.00012798963204561033
taktik,6.595270921533394e-05
takut,0.00028661670738687754
tali,0.0008808574942124651
tambah,0.0011729725499993664
tambahin,0.00010848645259345064
tampak,9.980809715144785e-05
tampil,0.0005297880555982694
tanda,7.478547624595594e-05
tang,9.589160556811587e-05
tangan,0.0008952358840924322
tanggal,0.0017577934544622158
tanggap,0.0003309731023546084
tanggulang,6.669670605599271e-05
tanggung,0.00018206962567588614
tangkas,0.0005490011293598423
tanpa,8.967421840982386e-05
tanya,0.0008848351098752521
tapi,0.0009399741984045932
tara,0.00019800099033616584
target,4.7548174136115825e-05
tarik,0.000965344409348651
tas,0.00044261936088908245
tau,0.0016867321368341504
tau2,5.883658419406379e-05
tawar,0.00023066304042453686
tayangomzetrevenue,3.681017133512191e-05
tb,0.001499357623585051
td,0.00013337216120643493
tdak,0.00022227523373170087
team,7.250796904350031e-05
tebal,0.00627893689709569
tebalberat,8.678041207459308e-05
tebel,0.0022001577334005377
tebelnya,0.0002985693549331075
tee,0.00013265859464871502
tegang,5.227446571814737e-05
teh,9.03131292159999e-05
tekstur,0.00015071977969399346
tekuk,0.00019385531388389868
telah,0.0003921459823691466
telat,0.00035679350264887055
telinga,0.00017533879195606521
teliti,0.000865015398251635
teman,0.00027603883416583817
tembub,0.00011375474052233424
tembus,0.0007339080518922073
tempat,0.0005363494569919413
tempel,0.0005060763719958912
template,0.00011685240495892716
tenaga,7.365410497615241e-05
tenang,8.316169512165559e-05
tenden,0.00012360815793163385
tengah,0.0006183093714498889
tengah2,4.7551106008541144e-05
tengkyu,0.0001295763693638525
tenkyu,0.00012074028320702303
tentang,0.00014979321800274894
tentu,0.0006141825275059185
tepat,0.0011024562010993112
tepi,4.9904048575723923e-05
tepoktipis,0.0001056498391460953
tera,0.00048798921419323013
terang,0.0010283557494956412
terawang,0.0018518531248757576
terikasih,0.00017608894804293384
terima,0.0071253219205582915
terimakasih,0.004538604208709444
terimakassiihhh,0.00012074344106167475
terlalu,0.018496212178481457
tersobekterbuka,8.052064987546214e-05
terterab,8.370361980482133e-05
terus,0.0022198850201377513
tes,0.00019875120751795507
tetap,0.001660557661409909
tetapi,0.00010066421996164414
teteron,9.9155460170106e-05
tettutup,0.00014897556150896295
texture,5.6136930819873e-05
tggi,9.530666212360921e-05
than,9.181130922023859e-05
thank,0.0007010751886680951
thankkksssssss,0.0001673946434773797
thankkkssssssssss,0.0001673946434773797
thanks,0.0022275804191632825
thankyou,0.00014205765287913854
thankyouuu,0.00013477359815219475
that,4.2650621273655046e-05
the,0.0007010272687913451
this,0.00030154354478810713
threads,5.6136930819873e-05
tiap,0.0010249561652328867
tiba,0.0007839420816907783
tida,0.00010928435511079817
tidak,0.044757907102566954
tidur,8.37626792389797e-05
tidurrumahan,4.562661265963397e-05
tie,8.828143445472238e-05
ties,4.2650621273655046e-05
tiga,0.0005672584168659141
tiiipiss,0.00013433472367977624
tim,8.05156729128246e-05
timbang,0.00013181662061651417
time,0.00025780326574950814
timpal,0.00014057528064630653
tinggal,0.00011143058256981885
tinggi,0.01940240163041971
tingkat,0.001364141809344495
tingkatin,4.684331293275939e-05
tip,0.00020541533379681232
tipe,0.0009399600760052008
tipiiiiissss,0.0002484472049689441
tipis,0.022770878030720657
tipiscream,0.00015933674972755507
tipiscuttingnya,0.00011373615919033832
tipisin,0.00010546947658956184
tipiss,0.00017567870340038446
tipistransparan,0.00013356688245246267
tipu,0.00012751939963389088
tisik,7.757788743186686e-05
titik2,0.00010385754204127507
tituan,0.0001678604664920988
tjakep,0.00046092832017302746
tks,0.0007640236464495523
to,0.0008893669843584587
tobat,9.064614943642299e-05
today,8.41577415494026e-05
toko,0.003460857801281584
tokopedia,0.0005747075945857362
tokpednya,4.837821706920779e-05
tolak,0.00022364932102742448
tonjol,8.266907716615067e-05
tons,3.681017133512191e-05
top,0.0024753804178537725
toped,0.0004269793018600765
topi,0.0024765927190418535
topp,0.0001396691744049061
toppp,0.0005397744014401032
total,5.0725400860640444e-05
totalitas,0.00014809503938601205
tpis,0.00013643678704944198
tq,0.00013765702611394457
transaksi,0.00016737545511262173
transparan,7.51232997517254e-05
transport,6.309339931356844e-05
travesty,5.6136930819873e-05
trendi,0.0001103387599053554
trisula,8.940503137536342e-05
trlalu,0.00011261251809522342
true,0.0004899257661432873
tsbsecara,0.00012014110514067981
tspi,0.0001485943285170358
tua,0.0010283692145494014
tubuh,0.0002764027461760438
tuhan,0.0001583885110742697
tuju,0.0005030711327403814
tukang,0.000348649086930063
tukar,0.0009259298098644689
tuker,0.0006665821686238408
tukerannya,7.693109608079608e-05
tulang,0.00015421407269952924
tulis,0.0013534071236978083
tulisanya,0.0002471502461069706
tulul,6.284062569808189e-05
tumben,8.823026290585995e-05
tumpuk,0.00016579400531877136
tumpul,5.6834792801409725e-05
tunda,6.335016107128865e-05
tunggu,0.0004076452315663187
turtle,7.748216230652566e-05
turun,0.0007162240267637327
turunin,0.000183941129290595
turut,0.00014990155710991368
tusuk,0.00021665342345249822
tutor,9.616712020419203e-05
tutup,0.0005696658603148739
twill,0.00015737629154879493
twis,8.855097557165323e-05
uang,0.0001584986207055327
ubah,0.00040393453234579396
ud,9.17347754606106e-05
ujan,0.0001251414234719182
ujung,0.00041951559134018697
ukrn,0.00018122736660033614
ukur,0.0002283688305208689
ukurang,0.00037910865187725537
ukuranya,0.09171121079781304
ukurn,0.00011804561043319278
ukurunya,0.00011799540334407484
ulang,0.0010375766495310606
ulas,0.0005470351862693703
ultah,0.00010516517831839686
ultrabook,8.177793681143475e-05
umempertahankan,6.229889581519956e-05
umm,7.122970503940978e-05
umum,0.000832819618678182
umur,0.00019683952894260866
unacceptable,5.6136930819873e-05
unboxing,0.00014931154610194639
under,0.00039369322913432905
unfinished,3.681017133512191e-05
ungu,0.00025096282925461064
unik,0.00014274415876302328
unit,7.202065227697461e-05
unt,0.00012922207048274252
untuk,0.001745186792662328
untung,0.0009091987973937519
up,0.0006931144599959004
update,0.00012593992604420127
upsize,0.0005140626676375306
urai,5.663620832259464e-05
urus,0.00022078448525961734
usah,0.0001243539579583851
usaha,5.1122646736046054e-05
usang,6.374018739406535e-05
used,4.2650621273655046e-05
user,0.00010642022012163929
usize,6.229889581519956e-05
usually,5.3699417796699745e-05
utama,0.0004384069945305331
utuh,5.322838650893817e-05
uy,0.0001328161931642667
uyyy,5.728824500905384e-05
value,8.518392417168237e-05
varian,0.0007670545471925544
verified,5.128679096571293e-05
versi,0.00012424954300213728
very,0.00043028073520884433
vest,0.00010667364254189518
via,0.00038032826406866557
victoria,0.00010408172287049198
video,0.00024064345585164259
visual,0.00010516517831839686
voucher,8.651019823895083e-05
wa,0.00041030805345653983
waahh,8.383014744301193e-05
wah,0.00022941181399378056
waistbag,8.117450410360397e-05
waistnya,6.413627891265772e-05
wajar,0.0001383172101356445
wajib,0.00016632484352530964
waktu,0.0021234334649367997
walaupun,0.0008323764780576431
wangi,0.00017152843741556853
wanita,0.00015608946693831645
warehousenya,6.338363831151387e-05
warna,0.019459863793488293
warnanyasomoga,0.00017904764819275118
warnaya,0.0002068171877260169
warung,4.562661265963397e-05
wash,4.418895394971626e-05
waspada,8.145743810030263e-05
wasting,0.00011197126972521723
way,0.00010565593407742269
web,0.0001159824069793
webbing,0.00010185640808367493
well,0.0004594163894323086
what,0.0001300514623179628
while,4.2650621273655046e-05
whitenya,9.142456002247907e-05
wib,5.878873035232382e-05
wilayah,6.616114293337838e-05
wind,0.00010766084708872619
windbreaker,7.092284620063045e-05
wing,8.119415445937768e-05
wipe,3.9185110113794444e-05
with,6.806320632104513e-05
wkwkk,6.918820394975645e-05
wkwkw,0.0002809397285210179
wkwkwk,0.0004308986586572519
wkwkwkwkwwkk,6.643432714248297e-05
wokwokwok,0.00014915302738421446
worst,0.00011210215036656079
wort,0.00026777579750546693
worth,0.002684540149055037
worthed,9.586350835297545e-05
wow,5.717966085748495e-05
wrap,5.807729387380708e-05
wrna,0.00010270782881390095
wsrna,0.00010665426830729474
wtf,8.558112023399166e-05
wuihhhh,5.728824500905384e-05
xl,0.004774409096649567
xxl,0.0010622558051558892
xxxl,0.00028856371963707447
xxxxl,0.00010400533719728082
yaaa,0.0003335960003203441
yaaaa,0.00018836274722527829
yaaaaa,0.00013906959989116473
yabesi,9.35975871513355e-05
yah,0.0007799117322119828
yahe,0.00010653016796324634
yahh,0.00012798963204561033
yakin,0.00017027232711976504
yang,0.008491373617164429
yasudahlah,0.0001446852758785195
yauda,0.00019503722527098617
yaudah,6.952428358939842e-05
yaudahlah,0.00012138099158008893
yelow,0.00016992642129699015
yes,3.967911056195938e-05
ykk,6.776434517085985e-05
ykkuntungnya,8.855097557165323e-05
yoo,5.937825218061624e-05
you,0.001022254508435215
your,5.3699417796699745e-05
yuniklo,9.03131292159999e-05
zipper,0.0008908221417973604
zippernya,0.0001419039832761169
zonkk,0.00011362885241542064
